"","id","retry_rate","B_num"
"1","BAAHGEDADFCGEIJEHID",1,0
"2","BABBHHAFIGEFBDFAAIB",1,0
"3","BABCJEEFHIHJIJDCJFJ",1,0
"4","BABJHCJBDBJJCHJHJIG",2,0
"5","BACIDHAFGBEFIHFJDBI",1,0
"6","BACIFJDIEIFJFDHBEBH",1,0
"7","BAEABIGJHIAADEADIFA",2,0
"8","BAEDEFHHAFAHDAFJDAE",1,0
"9","BAFAHHHFDJBDJEAFAFJ",4,1
"10","BAFDFHBHBGEFJGBCJDG",1,1
"11","BAFDJCDAIBGIGHIHACE",2,0
"12","BAFGBAFAIEIFGHIHEDE",5,0
"13","BAGEAJHIACEGGEHHJDH",1,0
"14","BAGGAEFDEJBECDAHIJA",1,0
"15","BAHCCIBFCFCDDEBHAEI",1,0
"16","BAHGCCBBCBEHDDCGFAA",1,1
"17","BAIBABJDHEIHAGJEJBE",1,0
"18","BAIBFHGAHAIFEFFJDHH",2,0
"19","BAIFDEEHHHGJFBCIHEF",1,0
"20","BAIIBEDCJIBCDFBCJAB",1,0
"21","BAIJDIDEEECBBAJAIDE",5,0
"22","BAJDAJIICADHIBHJAB",2,1
"23","BAJHEGGFBHEJCJJEIFG",3,0
"24","BAJJBDDEDEGFBFJDAEJ",1,1
"25","BBAACEBJFIHGAGFDAHA",1,0
"26","BBAGEACHBIHEFHFBJJH",1,0
"27","BBBAEEBEBEDGBDAACFG",2,1
"28","BBBIGBFFEIIJHAGJHIB",1,0
"29","BBBJAIJJBDGEIJHGGAF",4,0
"30","BBBJFDJIBDADEFEJDAA",1,0
"31","BBCAEHFEFBADJCICGED",1,0
"32","BBCAIDHCBBEEGDCAJFD",1,0
"33","BBCBICCGHJJBCCGEABI",2,1
"34","BBCEJCIGEICBADCJHBB",1,0
"35","BBCFEDDDACAFGBIAEHB",1,0
"36","BBDGDBHGBABIIDFFEIC",1,0
"37","BBEHFDHHDFAEIECJFAB",1,0
"38","BBEJAJJCBICECHCICIB",4,0
"39","BBGCAHBBDGDGEAABDCD",2,0
"40","BBGCFCGHIDJGGJFFJAB",5,0
"41","BBGGBFBHJBAJHEBHGGI",4,1
"42","BBGICEAGBFFEAGAGCAF",2,0
"43","BBHFDDBIGDJHDHGBCIJ",2,0
"44","BBIAGJIGIHJIGEFEEBD",4,0
"45","BBJEJDGBHCEBJIFFIGJ",5,0
"46","BBJFHHACDFECDECBFG",1,0
"47","BCABEABAGEBAFBCCHIE",1,0
"48","BCAFDAADFJIDEBAIAIB",1,0
"49","BCCADGAGEJHDJADIEI",2,0
"50","BCCAJAFHGDCAIIBGFI",0,1
"51","BCCBEAIDJJCAEGHFEGG",3,0
"52","BCCGBDFJADFAAEFFCBF",3,1
"53","BCCJHCJADEFFFFFJJIJ",1,0
"54","BCDACBFBJBBBEAGCBAF",1,0
"55","BCEDDHEJFDIHEHIDIGJ",1,0
"56","BCEIFIHBEHEEEHADBBI",1,0
"57","BCFCBJJHJHBDHEEBCBB",4,0
"58","BCFFBCEGJEIJEBAIHGI",2,1
"59","BCFGBBCDIAAHBCFAEIB",1,0
"60","BCFHGFJEADBCGHFIEHF",4,1
"61","BCGAAFBFDGHICICHAGD",1,0
"62","BCGIAHEBGEGBDCDDBAG",1,1
"63","BCGJCJICCHGJDJIJGAI",2,1
"64","BCHFDEJFBIFEBAEEDIJ",2,1
"65","BCHJFFBGCDDBBEAFFDB",1,0
"66","BCICFGEEDIJABDHDIDB",1,0
"67","BCIIADADJGGIIHCFGHF",1,0
"68","BCJADJGJCEEJBBHFJCB",1,0
"69","BCJEAHBHACABDEBGEFI",4,1
"70","BCJEIEAHJHEDCAEHAJD",2,0
"71","BCJFFCIEGHGHAFJBAFI",2,0
"72","BCJGICFHCEEJAHEFBJC",1,0
"73","BCJJICDCECHCABEJFHD",2,0
"74","BDADDFHDIJHDBACHCJ",1,0
"75","BDAGJGGIJEFIBIJCFDI",2,0
"76","BDAHFCBIBEIHBIEJAD",1,0
"77","BDDAFGDBIAHEEAHBIAJ",1,0
"78","BDDDHEFEJGIJEAGHEHH",3,0
"79","BDDGAFBEBCJBAJEBIJB",3,0
"80","BDEDIEHHDCHIIAHJFBF",2,1
"81","BDEGHBDJHFCCEIHGHHH",1,0
"82","BDFAEHDDCJFHIACBBAI",2,0
"83","BDFCJEBJFCECDIJHICC",1,1
"84","BDGBBAJIJFIFJBJHCJA",5,0
"85","BDGFJGEEHHIJIGJIDHG",1,0
"86","BDICAHBGCGGHHFAFGDH",1,0
"87","BDIEDGJHEDGJAGCGBHE",3,1
"88","BDIIFJFEHIJJHBHGEHJ",2,0
"89","BDIIIABFIGEFIDBCEHD",3,0
"90","BDIJIIIDHCAAEHBEECD",4,0
"91","BDJBEFICFBJCCEAIBBG",1,1
"92","BDJCGGCHGJCGGABDGHD",1,1
"93","BDJEEIDIHCHIDBBDHBE",2,1
"94","BDJFGBDIGJBGBFEJIFF",1,0
"95","BEAAEGGJIBIIABFGCAC",1,0
"96","BEADGDDJJBDIBBFFDGA",1,0
"97","BEAGBHBCDDECFGACGCD",2,1
"98","BEBBJDCDHDDACEJFAI",1,0
"99","BEBFFCFHGCEAHAHEDE",3,0
"100","BECAIAFDIBEBFICAFBF",2,0
"101","BECEEFAICFBHGFHCCEB",1,0
"102","BECEGAJEIICJFDFCHA",1,0
"103","BEDCHGGFEJDEAIEEGAE",1,0
"104","BEDDDCCJIJAICHFCECH",1,0
"105","BEEHBCFAHHIIAIACHA",1,0
"106","BEEIFIHIBFFEABBCBD",1,0
"107","BEFBEBCBDEADIJCJGGE",4,0
"108","BEFCAHJBHDGJBGEEIC",1,0
"109","BEFFCIECGIIHEBBGEAF",1,0
"110","BEFGGIJABJIHDDAAIJJ",3,0
"111","BEFIFCJJHEAFIGCGBJE",1,0
"112","BEGAGDIHGEHHAJCBGDA",2,0
"113","BEGBDCECFGDEGFHJIDF",0,3
"114","BEHDHDFAHHBEGFDCHID",2,0
"115","BEHHFDFJAGHDIDIBBBJ",5,0
"116","BEIJEIFGJDDAFGCJHHF",2,0
"117","BEJHGIFCDDCDABIABHC",1,1
"118","BFAACIEJECBJEAIEGIE",1,1
"119","BFAFGDHHGAJJEGJDBIC",1,0
"120","BFAGHGDDABCBHJDEDEJ",1,0
"121","BFBJDGCJEJBAJAADBFB",1,0
"122","BFBJJIBFECJCGFCBBGH",3,0
"123","BFCABDADJBBJABIGJH",2,1
"124","BFCAJBEJIFHIGHDJJBI",1,0
"125","BFDDCBJCIJAFIDDHFJI",2,0
"126","BFDEIJDGFDCJDJFBJBD",1,3
"127","BFDHAHBFDCAHFJGHCE",3,0
"128","BFECHFEAGHGAGIBAJJE",1,0
"129","BFEGEHIBGEDJCIAHBDI",1,0
"130","BFGJIEBGIJCAHCBEBEG",4,6
"131","BFHEHIDBJEJDABIAFBE",8,1
"132","BFHIJAAHEJBFJAJBHHC",6,0
"133","BFIBHIBDDFAFDBBCHGA",1,0
"134","BFIFJDJBEJEJHDACHDB",1,1
"135","BFIHGGGHDHEBCBIAADF",1,0
"136","BFJBCIGHCFHIJEAEIJ",2,0
"137","BFJIIDJBBFGJDFBCIIF",1,1
"138","BFJIIJJGGBDJCFJBIHH",1,0
"139","BGAECCBFIJDBGFJDAAG",2,0
"140","BGAEFACCCHAJJAFDHIE",1,0
"141","BGAIFCAAGBJDJIGEFCE",1,0
"142","BGAIJEDEHGGJDHBCHED",1,0
"143","BGBAIIFEECECCFGCAGJ",1,0
"144","BGBBGBIFIGHCCDIDIEJ",1,0
"145","BGBDFIDAIEACDFBGEHF",1,0
"146","BGDBIFFIDBJFHHJDAIG",2,0
"147","BGDCBGGFDCIJAHGIJED",3,0
"148","BGEEFHDEFHGIBAFADDD",1,0
"149","BGHAHAFDCDBEDIHGHJ",1,0
"150","BGHBJDCEAJFIHAJADHH",1,1
"151","BGIAJBBDGBJBFDJFGIE",1,0
"152","BGIEJDAFEAJADEHJHBD",2,0
"153","BGIHJJEFBIJHBEHJGII",1,0
"154","BGIIFEFAEAAEEIGGJAJ",1,0
"155","BGJBFECADAGIAGFHCID",1,0
"156","BGJGAHJBJFEBFJCAAFB",1,0
"157","BGJHDDGHECGIIDBAGHE",1,0
"158","BHAADCJFCFJCJHFFJD",1,0
"159","BHABFDDIFCCEEBEGIIG",2,1
"160","BHABFJDEDHHDIIEHIHI",2,0
"161","BHBIIDCIIICFIHHCGCF",2,0
"162","BHCADECIFDBAEBJGHEF",1,0
"163","BHDCAEAECHEJEFAFAEA",3,0
"164","BHDGIGDFBEJAEFEIIAB",3,0
"165","BHDHIJIIDJICBJCADHD",7,1
"166","BHECFEIGGEJDDDBABCD",1,0
"167","BHFDAJHBHIBAGGFADEE",1,0
"168","BHGCJIHECFBJBACACCC",1,0
"169","BHGFAAFJGAGJHJFABG",3,0
"170","BHHDADJEIEEGEFGHEFC",3,0
"171","BHHFBDBDHDCBJHBJDJF",2,0
"172","BHICGACDHAJHFIJBCHA",2,0
"173","BHIIHAGFIFEHAFEHC",1,1
"174","BHIIIEFDIGADEHHCGJ",3,0
"175","BHJEIAAACHBGIAFGAGH",1,0
"176","BIAADCDFHAIBFDJCFBE",2,0
"177","BIADBDIFFFJBHIIBGHH",0,1
"178","BIAGGHCHGCEEHGGHECE",1,0
"179","BIAJHBAHBGHIJHDAJDC",2,0
"180","BIBADBHBGEJAHHBIHJA",1,0
"181","BIBGFCDIHJHGCHHGJJG",2,0
"182","BIBICAEEHHEBGBFABCI",1,0
"183","BIBJCBHCDCHICBAFBB",1,0
"184","BICDJCEGCAIHCHBHDBH",1,0
"185","BICFGHACFEFHFBBAGIF",1,0
"186","BICFHEGCGIJAJHIJBFH",2,1
"187","BIDDJBCFAAHAGGEFEEJ",2,0
"188","BIDEIIBIDHAFJEJDEDE",1,0
"189","BIDHGDDDAFGBADBGJEB",1,0
"190","BIFIHFHCIDBFDBCHD",3,0
"191","BIGDCJFGECDGBIJHBIJ",2,0
"192","BIGJIGCHGGEDEHHAFD",5,1
"193","BIHFGDAFBFBIGFCHICA",1,0
"194","BIHGDCBJJFHAIBEJGCF",1,0
"195","BIHJFBJJBFEAGDFBGII",1,0
"196","BIHJHHFFICACBIAHJDE",3,0
"197","BIIAJBFEFFEAGIIDECD",1,0
"198","BIJAHCJIFGDDJHDHIFG",1,1
"199","BIJDEFBHCGAEJEJBGGA",2,0
"200","BIJFCDJAGAEGBCIAJGJ",1,0
"201","BIJFHEHBIDJCCHFGICC",3,0
"202","BIJGCAJIECEFDHDGGGA",2,1
"203","BJABICBDACIJGCGBAF",1,0
"204","BJAJFEBCJECGBJGECDH",1,1
"205","BJBDADIACDHIIHFGBID",1,1
"206","BJBEECDGACFFDBEHICD",1,1
"207","BJBGBDFJFFBDJHDACCA",1,0
"208","BJBIEDICEGIDIFJBIBI",2,0
"209","BJCAGDGIBHCDGEAIACI",2,0
"210","BJCBJIAIJBEHDGBEJJB",3,2
"211","BJDCIHGBAECEJHEHJIB",3,0
"212","BJDEHHAEDIIAICBCJAA",2,0
"213","BJDFCHFCIJBIGCAFAII",3,1
"214","BJDJGIAEICHFHHAGBJG",1,0
"215","BJEEHDCCIDCGBECFCHF",4,1
"216","BJEFEDDHDIBFGIEDFHH",2,1
"217","BJEIHDFCIFBEDIHIJAH",1,1
"218","BJEJEDDJIDFEFDIEBHC",1,1
"219","BJFEAFDDDCAJDIBFACI",1,0
"220","BJGAAJFBDEBCIADJDBC",1,2
"221","BJGEGBDEHFIAAGJJBJC",5,0
"222","BJGGDJEFBIIEEHIEDDA",3,0
"223","BJGJDEJHCFCIFEGHBCE",4,2
"224","BJHBBDGCGBIEABICJDD",1,0
"225","BJHGECHEEFDAAFFAHAI",1,1
"226","BJJEEAFABCEJCAHFEII",2,0
"227","BJJGIEHCGAIHHCBIAB",1,1
"228","BJJJCGEEAHIDJEIEGDC",1,0
"229","CAACFHGACDIHGJBCADD",5,0
"230","CAAFDECGDFEEAEIBHEB",3,0
"231","CAAFIAEECIEAAGFGHEH",1,0
"232","CABGFAFCICABGFIAHEB",2,1
"233","CABHEAIJJCGFBFCAFIG",1,1
"234","CABJCFFJADAAFJFBJFF",2,1
"235","CABJEJEEDCFJIFGCGCB",3,1
"236","CABJICAAGDGCFJIGABD",1,0
"237","CACAHCHEDAEDAAEFBGI",1,1
"238","CACCJFEICECADECFIB",1,0
"239","CACGDGIDAJIICFJJHCJ",1,1
"240","CAEBDHGIJICFFJBCDAB",2,0
"241","CAECHEBBEEHGFBCIFBC",2,0
"242","CAEEEHCFAGIGCEJEJF",1,0
"243","CAEHBGAADBAIHFFGBI",7,0
"244","CAFGDDFIEFCBCEJDAJC",1,1
"245","CAFHIIJDACEABDDIDAI",4,0
"246","CAGCDIJEGCBCGJJCHAI",1,1
"247","CAGEBJFJGHDDHHEBHJA",2,1
"248","CAHHHCEADDHICBIAFBA",2,0
"249","CAIDAHBDCCCIEFDIEHE",3,0
"250","CAIEJAJDDEEBCFHHCAJ",4,0
"251","CAIHCEAJBJJAIAGAGC",2,1
"252","CAIHJDIICIADACGEDGD",1,0
"253","CAIIEIJHCCAABDGHHDJ",1,1
"254","CAIIHAGAGCHABEFIAHB",2,0
"255","CAJFEBFHGHAHHDJBEEE",2,1
"256","CAJJCDJHCFDBEEHECIF",1,0
"257","CBABGJGGCJFDHBEEHBD",3,0
"258","CBADAGGACEIAEDFDAGA",1,0
"259","CBAJBIDFFCIFGEAHBCI",2,0
"260","CBBHFGACEHEJCACHFGA",1,0
"261","CBBJGAHAFAGBFGDDJCH",1,0
"262","CBBJIIHFHEBJBGBHJCG",1,0
"263","CBDACBFIEEFFAGHIHJH",7,0
"264","CBDHEGCGFAJDDDAIBCI",1,0
"265","CBDJBGCIJEAJIAGJCBD",3,0
"266","CBEAHDIJJDEFCGFJIEC",1,0
"267","CBEBFIGBHFIDEDHDAIE",1,0
"268","CBEHBDBCDFCIBBDCCD",1,0
"269","CBEHEBHDJDBJDBEJAFE",2,0
"270","CBEIAFGIEGGBACAAHHI",1,0
"271","CBFAJEJJGHGAABGIFEF",1,0
"272","CBFJAAHCAIIJCGCHHFE",1,1
"273","CBGDHCGAFJJHAEDHBGJ",2,0
"274","CBGHCDJDFCBBDJBHIBG",2,0
"275","CBHBADAFDDACCBAIHHI",1,1
"276","CBHHEDHBFJBCGECGEGC",2,0
"277","CBIDJBIFEHJIGGEIFAC",1,1
"278","CBIGIABDBBHFHDBHBDI",1,0
"279","CBJCJHGCAHGCHJFIADC",1,1
"280","CCABAAHGICCJIHEFIJA",1,0
"281","CCACHACCFIAEDFCCBDI",1,0
"282","CCADJADBEHBJIFECGAH",1,0
"283","CCBDGIJBFAGDFIHHIHF",4,0
"284","CCBEBGFEGECFHDJBDBE",1,0
"285","CCBJEJAFAFHCBIBEDIC",1,1
"286","CCCCCGIJHICAFDJJJBC",1,0
"287","CCCDEFDCFBCFFCABEJC",1,0
"288","CCCJFBFCADABIDDIEGJ",1,0
"289","CCDDIADFHEABDBGJBAH",1,1
"290","CCEJHFCDIFJHFDFEIEB",1,0
"291","CCEJJGIIIFICGBCJHAA",5,0
"292","CCFAFJHJIDHEBDJEGBG",2,0
"293","CCGDHHIHCFBCHAGDAHD",1,0
"294","CCGEEHCEDBHFBJHCDDB",1,0
"295","CCHBEDEEIIGHDEJIGCA",3,0
"296","CCHBGGGHIIBEGAFBGGB",1,0
"297","CCHECHAFGCIJAFEFEJG",1,1
"298","CCJCAACAIEAHAAFABF",2,1
"299","CCJEFGGGCEFAECCDFDE",1,0
"300","CCJJEAJBAFEECHEEFI",2,0
"301","CDAFCEGFHFJDBEHBFAE",4,0
"302","CDAHCEEBICFCFAJJDAC",1,0
"303","CDBBBABIIADHHBEJCC",1,1
"304","CDBGJFJDHICCDEEADIC",1,0
"305","CDCFHDGFEFJCGGJFCGB",1,0
"306","CDDAGHBDAAAFGDICGD",3,0
"307","CDDFFEDDCCJJHEBBJFI",1,0
"308","CDDGABBBDCAJEFAJCII",1,0
"309","CDEAJIAHBBAEBBEBDEE",4,1
"310","CDEDBFFADFHIJBHGHGF",1,0
"311","CDGFDIDBGFIHBAIBF",1,0
"312","CDGFFGBGDHHDCJIFACD",4,0
"313","CDHDACCHEHGCDBJHEJB",1,0
"314","CDHIDGHBCJDHFDGADDA",0,2
"315","CDIGEGCCCHIJJHHCJFE",1,0
"316","CDJJFEHACIDJGCIIIDJ",1,0
"317","CEADGBIFJEFJEIDABJJ",1,0
"318","CEAHIGEBFFICFAIGBA",1,1
"319","CEBBJHIAEJCAFJDJECJ",1,0
"320","CEBIGFHJCHBJCJDDJIC",1,0
"321","CEBJEEBEDJGADCHGAEF",1,1
"322","CECDDCACJHHJEDEHCBA",2,0
"323","CEDBIIHCDJHJJJBDBHE",2,1
"324","CEDDFGHGJBDAGHFJFFH",7,0
"325","CEDJBDFBGGHEHHGHGGH",2,1
"326","CEDJIDFCJCGABBHHFIF",10,0
"327","CEEBHCBHHEEJHDEGIBF",1,0
"328","CEEGHGDCGFDCIGEGFJB",1,0
"329","CEFAHGJGFDGHEJIHBGA",1,1
"330","CEFBJJICBDECGEIBDBA",1,0
"331","CEFGEEGCFJEBEIDGEH",6,0
"332","CEGCEIGEIADAICDEJJF",9,0
"333","CEGFFCCGBIGCFCGAEAI",1,0
"334","CEGHGJADGCAFEEIGCHG",6,0
"335","CEHCFFFFIDIJDIGHBJH",3,1
"336","CEHDHAJABHHDEFCBFFB",4,0
"337","CEHEFIEAEBHAIHGJEJG",1,0
"338","CEHHEBFGIGCBIAJBGCJ",1,1
"339","CEIBAACJCGBHAHDHGIF",1,0
"340","CEIEAJJFHHEADDCBDEC",1,0
"341","CFACAIJICHFHDIHCIIC",4,0
"342","CFACJGCCDEFBEFGCHJ",1,1
"343","CFAJIIFEHEGHABIIGIA",2,1
"344","CFBJJGIBGEABBAJEGJG",1,0
"345","CFCCEBJHFABBCIHEJDC",2,0
"346","CFCFBFHHFJBABJFFGIA",3,1
"347","CFCIBBHAHCBAGFAFFGG",2,0
"348","CFDAAECDFBFFAHDHJEF",1,0
"349","CFEEAJICBAAJHHBJEAG",1,0
"350","CFEFIBADDFAHAJJBIAF",1,1
"351","CFEGGFJHFEHICJHDCIC",3,0
"352","CFEIHHJEAGDIEJIBDAH",1,0
"353","CFFCJGJEJHDAFEIHBBB",1,1
"354","CFFDJFHCICBEJFFJGGA",1,0
"355","CFFFJCGBIGGIFCGBDHD",3,0
"356","CFGIEDDHJIJDIEFFHFH",1,1
"357","CFHCJFGGEDJIJBBEADC",1,1
"358","CFHEJECEIGCBBDJDJEF",2,0
"359","CFHHAEGFJJHHJEBEAJI",4,1
"360","CFIDGEEGBAIEBHBHFCA",1,1
"361","CFJCJHFBFJIBIHEEGBE",1,0
"362","CFJGBFGFBJBEGFACJD",1,0
"363","CGBBIGFHGCDHIEABGCA",6,0
"364","CGCCBDIHDDFCIJCEGAI",5,0
"365","CGCCFJAHHDBEHICAJGC",3,0
"366","CGCDIBHIDJAGIDCHEHA",4,0
"367","CGCIBIJDAFBFGICIHCC",1,0
"368","CGEAEFAEEBBEGAGFCEE",1,0
"369","CGEDDJAFIDEBFDHAACH",2,0
"370","CGEEICFBJDJDFDAFCHG",3,0
"371","CGGDDFJJJACCBGGDGHH",1,1
"372","CGGGJGDCBJGBJBAHEHI",2,1
"373","CGHBEFCHJHAEGDECCIH",1,1
"374","CGHEGIGJGDEDDGHBADF",1,0
"375","CGHEHJGFCAEHFJGJID",1,0
"376","CGHHABGDFDIBJBDIIJ",1,0
"377","CGHJDFBDHIJGDCBJJCC",2,0
"378","CGICHHGFEEEEGJEDBGI",1,0
"379","CGJGAGJJDCEHCDEJJID",2,1
"380","CHAABAHCDFAFBBIHHGD",1,0
"381","CHAJJFEFHAFACCGCJGH",2,1
"382","CHBACDBBFFDEDHBAIAH",1,0
"383","CHBBEAIIDHGGDAHHGAE",2,1
"384","CHBCGDCEGFDIJHEFBBI",1,0
"385","CHBDHGAHHEEHAJJFCIC",4,0
"386","CHBIFDBHIEGBIHADGAB",3,0
"387","CHCBDJGJAFHFDCCEEGH",3,2
"388","CHCGBDCGEGABGIBFAAG",1,0
"389","CHCHCGAIHFEGFFEEGDJ",1,0
"390","CHDBIEDFGGFJGAGHDGC",1,0
"391","CHDDDBJDDFECIBAFBCF",4,0
"392","CHEFBIGHAAHECABHAG",4,1
"393","CHEGCDDGADEJFJAFDBH",1,1
"394","CHEJCFBJBGAHJEICACI",1,1
"395","CHFGBBADCDGHADJGDFG",2,0
"396","CHFHCJCHDDHCDAIDHG",1,0
"397","CHGJCBHBCFEGDHECED",2,0
"398","CHIDBDJCICJGDDDDAHG",1,0
"399","CHIGIAGIDCDGJDHGFD",1,1
"400","CHIIBHJJEAEDHHAEAB",2,0
"401","CHJBDJJGHHGCEACFIFG",1,0
"402","CHJFGIJIGCIDCJDAECE",2,0
"403","CHJJFFIBICCAFDHFDCF",1,0
"404","CIADCHADFDIHDCIFIAJ",2,0
"405","CIAFGFCBGDCJBHIGACA",4,1
"406","CIAGDFEJAAAEJBGBBA",1,0
"407","CICEABGAIBEBEHHGCGF",2,1
"408","CICGDCHBDEGGEHEICFI",1,0
"409","CICHJHGJFGIDDCJHGAG",1,0
"410","CIDGAJFHEJEHBIBFGEG",1,0
"411","CIDHFEGEEJFABFFFJEI",1,0
"412","CIDIIIJJHCFFJHIJFE",1,1
"413","CIEHFJGDBFCJHGBBCGB",2,0
"414","CIFHABIDGBGCGFIHIIF",1,0
"415","CIHCJJDHECEGEJFAE",1,0
"416","CIHDCBGBHDJGHBHFICI",1,0
"417","CIHJEAFAIJBCIEEHIAG",1,1
"418","CIIADHHIHHGCEDBGFDA",1,0
"419","CIIFIGJHEJFBEEBIJAH",1,1
"420","CIIGFGCJBDBGJDIFDJI",1,1
"421","CIIGHAIBIFGEBDJFEII",4,0
"422","CIJGJHGHDABFAJJCBIH",3,0
"423","CJAHFFJEIJAFBGGDI",1,0
"424","CJAJCHBGFGAEBDCJBIC",1,1
"425","CJBGECEFGDEIAJIGIJE",2,2
"426","CJCCJCIAGJBAFGJHDBH",2,0
"427","CJDJDICECCCGDFGGEHE",1,0
"428","CJEAGHIJACAAHAFGIFE",1,0
"429","CJEBCFGCECFBCEAJDA",3,1
"430","CJFABJGDDEDBJCEBABE",1,0
"431","CJGCEJHAABICIEEEABD",1,0
"432","CJGGDDGCABBBJHJBGBH",1,0
"433","CJHEJBEBEDEDEGHBDDB",2,0
"434","CJJBIFGHBAIBJGJGBG",0,3
"435","CJJIDCDCAEJJHDFCJEH",2,0
"436","DAAGGDIBIBBDEIDDIJC",3,1
"437","DAAGHFDEGJJCBEGJABH",1,0
"438","DAAJHIHCAFFGDFIHFC",1,0
"439","DABBGIBEEJCCFIBFEDG",1,0
"440","DABDICHCGGAJGBGAA",3,0
"441","DABEAACDBFFGAAHFBIC",1,0
"442","DABIEDBCGHHGJJAGEE",1,1
"443","DABJIDIIGCFAFBJFDC",1,1
"444","DACDBJAAIEHCBBHDGE",1,0
"445","DADIBJDCJADEIIGADIG",2,0
"446","DADJEACIICIAGGHEDIB",2,0
"447","DAEAHHHGAJGHDFIJFFE",1,0
"448","DAEJCEIAHHACCECCEDI",2,0
"449","DAFDHIHCAEHDCHEIFAG",2,0
"450","DAGDECAGHJBHDFAIIBJ",2,0
"451","DAGEFFAJJFJIFEGFFCC",1,0
"452","DAGIDCJGEJBFAJIJFH",2,0
"453","DAHDHJCFGIBCJABEBHB",3,1
"454","DAHJIIBFJFHGHEAIIDE",5,1
"455","DAIABAJGCEDJIHFFJJF",1,0
"456","DAIBCBJHBBICDABJHED",1,0
"457","DBAFHAJCJGFAACBDAHJ",1,1
"458","DBAIDGEDEEDDCFACDHG",1,0
"459","DBBADGBFCAJFGJDABHH",1,0
"460","DBBGACHFJDJCBGHFHG",1,0
"461","DBBHAEHFJDDFIIIACGF",1,0
"462","DBBHCDDHEAICGDCCJJB",1,0
"463","DBBJEEBHDICADJEHAHD",1,0
"464","DBBJIJFHFBCCIHIFCGF",12,0
"465","DBCBDBCEGIAHGGEBHDI",3,0
"466","DBCDBJDJEIIDEFFEEGJ",2,0
"467","DBCICAIBJBBEAHAFJJC",1,0
"468","DBDACAHHIIDFCIHJFFF",1,1
"469","DBDBFFFEGBDAGGABBF",2,0
"470","DBDIAIHGIFJFFDADIHE",1,0
"471","DBEGCHEJGFBHHDBDGJ",1,0
"472","DBEHHCGDFBFBDDHCHF",2,1
"473","DBFDFHAFAABHFHDBFEC",2,0
"474","DBFGIDIGFHGGGGDHCC",5,1
"475","DBGADBAAAFIJHHFDGBG",2,1
"476","DBGCFJIAGADGJIIAIAI",4,1
"477","DBGGGEBEDCCDCBDGBJ",2,0
"478","DBHAIFECCDHJHBFHFHI",5,0
"479","DBHCJAEEFCJIBFEHHHD",1,1
"480","DBHFCBEFEGJBBJCJGAD",2,0
"481","DBHGBEEBEJEJIAEJIBF",5,1
"482","DBHJBBEJIFHJCJGEEFE",2,0
"483","DBJDBCECAFBCHGGBCGE",3,0
"484","DBJGDHBAIEABJCCDFIF",3,0
"485","DBJIGBEDEGJJIEDIHJF",4,0
"486","DBJIGCAADIDDFJFIAJB",5,0
"487","DBJIHGBCBJDDIEFBECE",3,0
"488","DBJJFJHEBEIFFIJJDCI",1,0
"489","DCAGAGGJJDEIJAFCFDD",2,0
"490","DCAGCAHFIJBJHJIAIIF",2,0
"491","DCBIIHDIDGDJGJDIIIA",1,0
"492","DCCFGAJDJBAHCEEDJBG",1,0
"493","DCCHHBHFDGHIFEGCBBC",1,0
"494","DCDBDIACFDDFIFFHAHF",2,0
"495","DCDIABDJBDIHHDFGA",2,0
"496","DCEFGEBFFHDJAEEGDJD",4,0
"497","DCFAFAIECABJAAIHIEF",2,0
"498","DCFBFCFGHDGBJBEHAHG",2,0
"499","DCFGAAJAIDCECIGAHHC",2,0
"500","DCFJBHFCAFCJFDFBHHI",1,0
"501","DCGFIFHBDIIIDDAADHH",1,0
"502","DCGGGHDDABHCJFCIAD",3,0
"503","DCGICJGGBFBIJAJEJCJ",3,0
"504","DCIACAJFBCIBIEBCCAG",1,0
"505","DCIDDADFEBFJDAAAHEF",5,0
"506","DCIEAHFJJBDGGAHHAH",1,0
"507","DCJAHEHJEBGICAECHCC",1,0
"508","DCJIFJBCGFABGIACBJC",3,1
"509","DDAAAHEEDIIFCJCGDHF",2,0
"510","DDADAAIIBHFJCBDIABD",2,0
"511","DDAGCJAEHHGHFGDBHIF",1,0
"512","DDBADCIIAAGCGCEADGD",2,0
"513","DDBCGAJEFHCIJCJHCBE",2,0
"514","DDBEECFBHBBJCJHEHAF",1,0
"515","DDBEHIGAHIFIJFCJGDD",1,0
"516","DDBHCFCDFIFCBAFABHI",2,0
"517","DDCDGEDBEEAFAHACBIH",1,0
"518","DDCDJBIHAJAHCGIICBC",1,0
"519","DDDEBIBEJBFHCHAAHAA",2,1
"520","DDEFJHGCDICIJDAEDDC",2,1
"521","DDFCABJJEGEDHAJADDF",1,0
"522","DDGCICBBGIABDJAHEGI",2,0
"523","DDGJCCGCCHJHBDJHBEF",1,1
"524","DDHAJCEAIJAAIFCAFIE",1,1
"525","DDHIFIDJIBAIEBJGFDG",1,0
"526","DDJAJHCIBHGJEHIACJA",2,0
"527","DDJGDFAIBIIFGACBDAH",2,1
"528","DDJGICFEFHAGGCCHAC",1,0
"529","DDJHJIFFHBDICBECJJH",2,1
"530","DDJJFCDFBEBIFFDCHAF",1,1
"531","DEADBDHGEGCACHIAFBD",1,1
"532","DEAJBHJEHGEJIHAIBG",1,1
"533","DEBCHAIDFBHFFJIHJEF",2,0
"534","DEBGAGAEJGEFGIIFCGH",21,0
"535","DECJBAHFBDEJEHEJDGG",1,0
"536","DEDIAJCDHCAHEHAHBBH",3,0
"537","DEFBEHIAHHDJEGICFHE",3,0
"538","DEFDBABBBIHGDDAEJGD",2,0
"539","DEGCHIIFAHIHBJEDAJF",2,1
"540","DEGECIFEHBIBHDFDFGG",2,0
"541","DEGGJJIJGIHAEGCFGGJ",7,0
"542","DEGJAIBDGECBBACEDCA",3,0
"543","DEHAJBJBIGACFGAGJIC",4,1
"544","DEHJJEFGJACHIEFDAFE",1,1
"545","DEIDDJGECFGDCAEJEII",3,0
"546","DEIHFICHBBAIGDCCCAF",4,1
"547","DEJEACDJDJGEBAFDHAC",1,0
"548","DFABHHEIHGHFJDDIHE",5,0
"549","DFBHDHDAJFEFFFGJJJD",2,0
"550","DFCBDIIIJCAEAFJIII",3,1
"551","DFCCFIGDADBABBJEGAE",2,0
"552","DFDAGBADGGFCJAJGFBG",2,0
"553","DFDBDADEAADAFIDJICG",6,1
"554","DFDBFEJFGFBGAIHIBFD",3,0
"555","DFDFGHDEBHEIFGHJAHJ",1,0
"556","DFDHHFJFBAGHHCADFDE",2,0
"557","DFEFAFIHBEABABDHHHF",1,0
"558","DFEFAGHEIFIDBFDGDAD",2,0
"559","DFEHHDGEDFHECIJIIAG",1,0
"560","DFFAEHCDFJJIDDEBBA",1,0
"561","DFFDJAGHCHCCEHDEFJH",1,1
"562","DFFEJCEBDBBIDEEAFHJ",1,0
"563","DFGIFHGEEBEJBEADFGF",4,0
"564","DFGIGACCGHFIIEAJBJB",2,0
"565","DFHFCCCJIJJIBBHBJBJ",1,0
"566","DFHHDDBIADBAJIEHAAG",3,0
"567","DFHIEEADFIDDICDJIJI",1,1
"568","DFIHAJJDEJDEBEGDACA",2,0
"569","DFIHHBIFIAIIBDEDHED",1,0
"570","DFJBBFFJDJBEDAFDCEF",2,0
"571","DFJFGGIAFAAIGCEFBGH",1,0
"572","DFJHAGGHCIBGGGIFFFJ",1,0
"573","DGAECHEBHAGGHICEAIF",1,0
"574","DGDECFHBFCBHCIACCFA",1,1
"575","DGEFGIJCJJBDJCEEEAG",4,2
"576","DGFBAJEFDEBAFGIAAEG",3,0
"577","DGFBEBEEEEBDCFEJBJE",3,1
"578","DGFBGBDFJEIJHCBBCDI",3,0
"579","DGFJEHIJJABGDHJIHD",1,0
"580","DGGICBHDGABDFDGHAHF",1,0
"581","DGHAEBHGGBJIIJFEEGC",2,0
"582","DGHEGBIIAFHHIJDGBIH",2,1
"583","DGIBIEBDEBGHBGFJJID",1,0
"584","DGIECCCAEECDJGBFECE",3,0
"585","DGIIGFDDIAAGCAJIDHE",6,0
"586","DGJGCIFBIDDCAAIHFAF",6,0
"587","DGJIFJJCBDICCJDCCDD",4,1
"588","DGJIGIIBAFDFIJFBGIE",1,1
"589","DHAEEAECFGGCIDFJBAD",1,1
"590","DHBDEEAGEGFAJEDHBFD",1,0
"591","DHBDHBADIFBJEBDFCEI",1,1
"592","DHBJEHCEEADDAHIFJHH",1,1
"593","DHCDEIBEDADBCGFIGGB",1,0
"594","DHDBCEADDGFEAFGDJFE",4,1
"595","DHDEJDDDFHHEAGBEAFJ",1,0
"596","DHDGAHJEEFEFCCGBFCC",4,1
"597","DHDIAJEGADBDIFGABHB",1,1
"598","DHEBDIEEEJCFJIIDFJC",4,1
"599","DHFJDHEAJACDDHHJJBH",3,1
"600","DHGDFCIGCEEGABJGCIE",1,1
"601","DHGFECBEGIFDHCAHIBG",3,0
"602","DHGFHGECIIJECDCAAAE",0,2
"603","DHHADEEADACJEAGHFJJ",1,0
"604","DHHCEFHFAJCDAJGJCHE",1,0
"605","DHHHDAEJJCCHDGFBHJJ",2,1
"606","DHHHFHGJEICFDHDGHJD",1,0
"607","DHHHJDGJABBCEBHBHFB",1,0
"608","DHJCCGHIFFEBHHFGDCJ",1,1
"609","DHJEHDFFIJCDIEJHEAG",3,0
"610","DHJFCDDGAEAFJJDFHGC",5,0
"611","DHJHADJIBFFIBIAACGH",5,0
"612","DIAHCEJDAJEECADEDCF",3,1
"613","DIBBEDEBBAIAFFBCGCB",1,0
"614","DIBIBDFBBFAFDGHHJEF",1,0
"615","DICCHFCAEHJHDIHJHFI",2,0
"616","DICCHHDFAJCAAIIHBBA",2,0
"617","DICFACFBCIHJADBBEAC",1,1
"618","DICFACGCCDECDCIGIHI",2,0
"619","DIDDHFJBBCCBCCDJIHE",1,1
"620","DIEBBHGBAHHGBGBGCAD",3,1
"621","DIEDJDBBIJJGHBIJEGD",2,0
"622","DIEHAIEJCGJDHFEBBDJ",2,0
"623","DIEJFFHCGJBCFHHJBFB",2,0
"624","DIFADFBIABFHDBIEECJ",4,0
"625","DIFDBHGFFJEFEIBJJFA",2,1
"626","DIFECGBJGCEBGHJDIJ",1,1
"627","DIFIIAJFIFGJAIJABDJ",3,0
"628","DIGACBGCIBBJJEHCFAF",1,0
"629","DIGCGAIGGEFJJFHAAGF",2,1
"630","DIHCBHEAHCHBDFIHJJH",1,0
"631","DIICACJHHFCIEDJGJFC",1,0
"632","DIJACCHEABJGGHJCABG",2,1
"633","DIJFIGCAAIEJIFEJEGJ",1,1
"634","DJAFCBCGBDIBIEIBGJC",3,0
"635","DJAHICBCBCICJGDCC",2,0
"636","DJBHJCFIFAHDCBDAFEI",1,0
"637","DJBIABEFDBCCHIGEEII",1,0
"638","DJCBIBIFAHCBCHFEAEF",1,1
"639","DJCEEFDEBHGIDCFJHDI",3,0
"640","DJCGHBEBGECAFAGJDIE",1,1
"641","DJCJGDJCBHDCCDDEACB",1,0
"642","DJDAIABBFHHFDGIJBID",3,1
"643","DJDDGBJCIHCAFAHBFEH",1,0
"644","DJDIICCIDBCHFECHACG",1,0
"645","DJEFCHHHBEDCEEIBBDA",1,0
"646","DJEIICFIHDJJIHJGJA",6,0
"647","DJGCGCEDIDIHCAHDCIG",8,1
"648","DJGJADJCCHHAIBIGEGE",4,0
"649","DJHEAFJDFFDIIEBGHE",4,0
"650","DJHIIBAAGBBBJEABFBG",3,1
"651","DJIBEAGGBBDAGFGFEBD",4,0
"652","DJIHIBHAGJBHFHAHBIA",1,0
"653","DJIICBFFBFIJGIIAADF",7,0
"654","DJJCHFGBEBAFJFDFFGJ",1,1
"655","DJJDJGJADAHBEAFFCDJ",1,1
"656","EAAAJEHIBJCFFHADFI",2,0
"657","EAAJFAIEAAHEJHECDIB",2,1
"658","EABEJCEBIGDHDHFGCFG",1,0
"659","EACEBDCEIEEFFEBGFFA",1,0
"660","EADCGFCAJEJEBGJFJFH",5,0
"661","EADEFIGBJGBEAECBGA",1,0
"662","EAEACBFIGDJDJJIIGIF",2,1
"663","EAFIGEHADJGACEIFHCF",3,0
"664","EAGCJEBAIEHAHGBGEBB",1,0
"665","EAGFIHAFJJCBGCBECEB",2,1
"666","EAGIEGEFIBJDGEJEEAJ",2,0
"667","EAHFHCBEJJIAEDAHFHG",7,0
"668","EAHIIBGHIBFIFEGEDDD",1,1
"669","EAIAAEAEBICAHGIIFCB",1,0
"670","EAJDEBIGAHBJICFGJFH",1,0
"671","EAJGIHCGAHFGFBFCEGH",3,1
"672","EAJICIBGCBCIEAFAAHJ",1,0
"673","EBADHDAJGACJIEIIJJF",2,0
"674","EBAFHEAEBDEBJAFCII",3,0
"675","EBBFGEFAFEIEJHDJACG",3,1
"676","EBCABEGDIDBEAJEADDA",3,1
"677","EBCDEEDHGEDFIAAFCAF",2,0
"678","EBDCFHEBGIAHGGJGBF",2,0
"679","EBDEEAFIJFBJJIGEFDC",1,0
"680","EBECBAECFEBGFJHJABB",1,1
"681","EBEDDHGFHJHDEFIFFAC",2,1
"682","EBEIJFDBEBCJACGJGIJ",1,0
"683","EBFFCDFEHEGFCICFJBJ",3,0
"684","EBFIGBHDJEEDBDJBBDI",1,0
"685","EBFJGIDAEGAIDJGGAJI",2,0
"686","EBGADBBFDACJICHIIGI",3,0
"687","EBGEAFJHBFIBHGHJBA",1,0
"688","EBGIJHDJBFIDJJIAHFE",2,0
"689","EBGJGGJJIEHABCCBCCA",3,1
"690","EBHJIADGBJDAIJFICGJ",2,0
"691","EBIBBDDAHHFCJBJFJJC",2,0
"692","EBJIJIBGIAAECFECDBI",4,0
"693","ECBDAIEBBJGHJCFFHGA",1,1
"694","ECBDECJGJADIBIBHJED",1,1
"695","ECBEGEHEGCIEHFDIHJF",2,0
"696","ECBIJDIJCEBGEFHJFGF",4,1
"697","EDCBAFBADHIBAAHFCJ",3,0
"698","EDCFDDIFBFFGDFBGHJ",4,0
"699","EDHIHIIHFIJIJAHGDB",6,0
"700","EEHGECBFIJFEFCAGFE",1,1
"701","EFIFGDDGDEJCGGBJD",2,1
"702","EHAFCGEAJGIBIEBDHE",1,0
"703","EHCGDEADIEHCADFDIA",3,1
"704","EIAIAFICDDJFDFDJDB",1,1
"705","EJCIAJDIIAJJDADBEI",1,0
"706","FAACAGAJGHGEHBACGG",1,1
"707","FABABEEJAIDEJEAIBAI",1,0
"708","FABBDCDFDIDHEBCICFG",1,0
"709","FABIECAAHGDHIHHBGED",2,0
"710","FABIHIICCGIEHACFII",3,0
"711","FABJHACDJBJDGJICABC",1,1
"712","FACBDBDAIBHCJBIAEGJ",2,1
"713","FADJGIEEJJBBGCCGBEH",1,0
"714","FAEDAEJJJFIEDCCEFJB",3,0
"715","FAFGAEAHBBHADFGAADD",1,0
"716","FAGHHFGDJGIDBBGHHHF",1,0
"717","FAGHJIIFHIEDBBFGFAJ",1,1
"718","FAGIHJBFFDECFGHHFEG",1,0
"719","FAHGCAHGFHIACACJHGB",1,0
"720","FAICCJDFGIHHIADBICA",2,0
"721","FAICGHFJGFCBEJIBF",1,0
"722","FAICGHGBFHGECFEBCEI",3,1
"723","FAIJGFADIIHJCBFDGEB",2,1
"724","FBBBIBCAFBEFGBFFIDF",1,1
"725","FBBDEAIJDBDECAEEHGD",1,1
"726","FBBGBHAEIFGFCAJAHHE",1,0
"727","FBBGDBGHCCHJBDCGECD",6,1
"728","FBCBGGBFFEAJJFBFGHC",1,1
"729","FBCDGDCDIIJDABBJDIF",2,0
"730","FBCEJBJEIHEDCFAGEIA",3,0
"731","FBDHIFHGCAIEBBHBAHI",1,0
"732","FBDIJJDBJHCIBEBDDI",2,1
"733","FBDJAFIBIEGEIIEJHAI",1,0
"734","FBDJDCDICCFJHFEGCEE",1,0
"735","FBEAJHCIIDJCHIIBHEF",1,0
"736","FBEIDFBJHIEHAEBGHBE",2,0
"737","FBFEFAIJGEAGBBDGAIB",1,0
"738","FBFJIIHDFHFIIDIEDBJ",3,1
"739","FBGCHJFGHDHGCCHEEBI",1,0
"740","FBGFHBDBBBIGCGAEBJH",1,0
"741","FBGFHCFCEBIDHEIBEJH",2,0
"742","FBGHIDJGECBAJACEBIA",1,0
"743","FBGIADIJBAFHFBBFCH",1,0
"744","FBHCJHEEHGJAIIJBDJH",1,2
"745","FBHGGHHIEIBHHHGGDAA",3,1
"746","FBJDAJAFFGIFJFAJCBC",4,0
"747","FBJGCEABCECBGGCGJGJ",1,0
"748","FBJIEHFAFCGJBFFADEE",2,0
"749","FBJIFFJIFFHHAIDJHJJ",1,0
"750","FCAGABHIJIHGGICGBA",1,0
"751","FCBAAGAGCJAFJJBGEAC",1,0
"752","FCBDBDDIDGCCEEGAJGH",1,1
"753","FCBDCIFDGIGEHFJFCDJ",2,0
"754","FCCFGIHCHGEDHGHGEB",1,0
"755","FCDEIGECDBABACCBDAI",1,0
"756","FCDIDJGGIHEAGFHCEJ",1,0
"757","FCDIHJDBAJCFDAGEFGA",1,0
"758","FCECDGHIABIICFEDDDH",3,0
"759","FCEEBJGDAEICFJAECBH",5,0
"760","FCEGHCHGCBEDAAHDADJ",1,1
"761","FCFDFBEHAEGHGDEDDHE",1,1
"762","FCFFGFHFDGGDDFEAEJI",1,0
"763","FCFIBHBDFBEAJHGJIFB",2,1
"764","FCGBIFAIHFGCEDFJIDA",1,0
"765","FCGGEAFIHDIABEJIFAI",2,1
"766","FCHFAFFACBDDAAHFCGD",1,1
"767","FCIBCFBBFFEIEHIGGCF",2,0
"768","FCIBCHBBAGFACGBEBDH",7,0
"769","FCIGDBFFAGCHIHFDIBF",1,0
"770","FCJADBHHFCIDBFHJHHA",1,1
"771","FCJCBCFGCFHDFJJHHEG",3,0
"772","FCJFJAJJFCEIDJAGCA",1,0
"773","FCJJAEJBDHCGDBGAHBH",1,1
"774","FDAIIFGDEDHIHEHBDAD",1,0
"775","FDBACGFCECABDGHFHD",1,0
"776","FDBAEGIHBBFAJDDJFEB",4,1
"777","FDBECJIFAHGIHHFIHJG",3,0
"778","FDCAEDFAGIFJEGHCDJI",1,0
"779","FDCBHIJBFIBGIAJHHGB",1,1
"780","FDCBJFEFGJBABADDDH",2,1
"781","FDCEICGGJIECJGDIGFC",1,0
"782","FDDABAIFJAEIEJCJDAH",4,1
"783","FDEGAEEEGIIDDBBHAEH",2,0
"784","FDGGEFGGBAECDHJBHJJ",2,0
"785","FDHAIAABAJAAGGBFGH",1,0
"786","FDHHBAAGAEDCAECAHII",2,0
"787","FDHIDIDGEEJJBCCIFCA",1,0
"788","FDIBADFFGEGAACAGAFJ",2,0
"789","FDIEDGAAAADCAEFEDGB",1,0
"790","FDIIFBGCABDCJHHDAAJ",1,0
"791","FDJCIEFCAAHCGHFCDGG",5,0
"792","FDJIFCJAAHGFAGCDGAC",1,0
"793","FEACHHGDAAEAEHHFAAE",1,0
"794","FEAEGGIGGCHCBBECFCA",8,0
"795","FEAIFJCBIJGDBDCIBIA",2,0
"796","FEBAEAJIIEAHACAADEG",1,0
"797","FEBCGCHJHCAIDEIHFCG",4,1
"798","FEBGGHHAIHHEEHFJAHB",2,0
"799","FECBDFDHAGACIFDFBJD",1,1
"800","FEDDFEJEGJACJDEBEFF",1,0
"801","FEDEDDDHHFAGCDFFCDE",4,0
"802","FEDGDGBFFIIFHAAHCG",1,0
"803","FEDHHIFCAGFJJCIHCHG",1,0
"804","FEEFJGFHICDJGJIIFH",2,0
"805","FEFHFBAFIBDJGIEHBCG",5,1
"806","FEGIGAHDADCBEFAIGDE",1,0
"807","FEHBADJCADIFDEHIHHJ",2,1
"808","FEHGEJBDGHDDAHFFFBD",1,1
"809","FEHIDJGFADDAIGGCJGA",1,0
"810","FEHJBBIBJEJACACACFE",3,0
"811","FEHJFFBHEHFAHIDGAGG",1,0
"812","FEICBFBJHJGCDHFBCJH",2,2
"813","FEIFIAJFBBGBIBFAHJG",1,0
"814","FEJADJAGIDBGHJFDJEE",1,0
"815","FEJCACCFAGBAAEEDBG",1,0
"816","FFAFDAJICIFDDEFJIGB",2,0
"817","FFAGBJEJCJGHIBEGHHA",3,0
"818","FFBABCBBDEDFFIFHHJ",2,1
"819","FFBFCEBEECHIBFGHJCF",1,0
"820","FFBIFDCDCAJFEDGEBIC",1,0
"821","FFCBHEGJIBBFDIDJHDA",1,0
"822","FFCCIEFCHJJIFEJHBBI",1,0
"823","FFCEIBIGBIIFFCCIBFA",4,1
"824","FFEBIIDBIFEJDIBFDHH",1,0
"825","FFECHACDBHEGDAGABIC",2,1
"826","FFEDEEGCJHEHFEEDDCC",2,0
"827","FFEIHJEHBAHBHHFAFCB",1,0
"828","FFHDJBEAEJIJGJEIDCD",1,1
"829","FFHIDJHHBAEIECECFHH",1,0
"830","FFIFGGFIADDDGBAJGFF",2,0
"831","FFIJGIGHIFBEIGDGHJH",1,1
"832","FFJDFIDGAGGHJBBHACE",1,1
"833","FFJIDEHFCHDFFDHFHEG",1,0
"834","FGBGFBDBICJCABCHGHJ",1,0
"835","FGCCBJJBAGGJHECGIGC",3,0
"836","FGDFFBFBIAGJGAAIEFI",1,1
"837","FGDGGBJDAHBGCAEGHFJ",2,0
"838","FGDIIGBICGCFJABBJAC",1,2
"839","FGEGIHHDDGGHBFGJGBC",1,1
"840","FGGAIBGFGHBAEHFEGIJ",2,0
"841","FGGBIAJCCBGFCBFCCIB",1,1
"842","FGHGIFIAIHBICCGHHHE",2,0
"843","FGIGAJAAJCFDBIHABBF",1,1
"844","FGJCEHDJCJAEAIDHFAI",2,0
"845","FGJDDGHHCIJAHCHGFHA",3,1
"846","FHBDBHGIEIJFHAHCIEI",1,0
"847","FHBIBCGIJBECFFFEICF",1,0
"848","FHCDAFDEGHIBBJEIACD",1,0
"849","FHCDHFGFFDGBAIHFJCE",2,0
"850","FHCFBDIBHDJBCDDBDCA",2,0
"851","FHGBDAJDIHIEDBFBEDF",2,0
"852","FHGBGBJGJHJFIGBDGEJ",3,0
"853","FHGEHHAFHGJJCFADFBD",3,1
"854","FHIDAAGIIBIDHAJIDDA",1,0
"855","FHIHDDIACAJHEFEFCEB",1,0
"856","FIAAAGGGICGHHBJDHF",2,0
"857","FIAABHGICGBCCHIIBJE",1,0
"858","FIACEGBFBJFCBBBBJEB",3,0
"859","FIADBDAHCHFAGIJIHAH",1,0
"860","FIBAJJEIAHGHGABFAIB",2,0
"861","FIBDCGGGFICGHEFECHB",1,0
"862","FICAHBHJHGICGHDFHFG",1,0
"863","FICDGHJJGHACJFDCBCC",1,0
"864","FICIIIDEDJJJFFIGDFB",1,0
"865","FIDABFCDGCBEIBEBABB",1,0
"866","FIDAEGGAGFCGAGBBHJJ",1,0
"867","FIDBBAHAFEDHHAAADFE",2,1
"868","FIDBCHHEAJICHBJCAFF",1,0
"869","FIDCCDCAJBCCBIAJEIH",1,1
"870","FIEBFBBHEFAHCJFIIIE",3,0
"871","FIFCIAHBACFIHFJCDIG",1,0
"872","FIFJDCEIAJDHACIHHDD",5,0
"873","FIGDHIGGJHCHDEJHGEB",3,0
"874","FIGFEIBCBIEJGAAFFE",1,0
"875","FIGHACDAEJBDFHDGGAI",2,1
"876","FIHBFCCEBCBBIFCIDAJ",5,0
"877","FIHHEHBHDDAJAGHCEIF",5,0
"878","FIIEBBIFEGAFADEDDCE",1,0
"879","FIIJDEFAEDCDBAIHAF",1,1
"880","FIJAEFIHDEAJGBJEJJJ",2,1
"881","FJAJEIDBBDIBGHFAGGF",1,0
"882","FJCBCHEIAGBIHHABDGH",1,1
"883","FJCGEDFFHHHJECFCBCD",7,0
"884","FJCIDCCEFAAAIEFICDI",3,1
"885","FJDDFCEEAGIBGBIAABC",1,0
"886","FJDEIIFEHJDIGFEBCIF",1,0
"887","FJDFEBGEAGBHGGGBFGD",1,1
"888","FJDGAIJBACGHHDFAJFE",1,0
"889","FJEBHCJAAFCIDCBJEC",3,1
"890","FJECAIBHGIHBIDDIBHC",2,1
"891","FJEDHGACJDIAGFGEAHI",1,0
"892","FJEJAJGHAHJEHFGGFIB",1,0
"893","FJEJDFFADGGGJCDJBAA",1,0
"894","FJFBFJJHIDEFBDAGHDC",1,0
"895","FJFHFEBFJDFHGAGEGCC",1,1
"896","FJGCGGIJFDCIBEFDGGI",1,0
"897","FJHEFJHEIAACIDECFBC",2,0
"898","FJHEJAIHGACIADDBFIF",2,1
"899","FJIBIADDHIDHGEHHJEG",1,1
"900","FJIEGIADDEBADGJEIEC",5,0
"901","FJIIDABGECICBBBGCFH",4,1
"902","FJJBAFIIJEDIGEHBFI",3,0
"903","GAAEACEHFCGHIEEAIEF",2,0
"904","GACECEICDJJAAHAFHGH",2,0
"905","GACEFHJDAFEAHFJDFCG",3,0
"906","GACGADBJEDGJIGBDGBB",2,1
"907","GAFDDFAEDGDDJEACIFI",1,0
"908","GAFHIGGFGGCGHHHIGFA",1,0
"909","GAGHBCHFEFBIJCEHDDH",2,0
"910","GAGHIDBHCBACADGDDEA",3,0
"911","GAHEDEGDFJHGAHDJEEH",1,0
"912","GAHEFDGIEFHIDFGFFIE",1,0
"913","GAHFBHJHAIJFAGFABBG",1,0
"914","GAIHCFCIDAAJDJGCEGB",3,0
"915","GAIIDDGAAJFFHAGGIA",3,0
"916","GAJCFCHGIHEHEHCHHGA",2,0
"917","GAJFGCDJBGBCJFFGEHD",1,0
"918","GAJIEGAIGJCJGCJGIG",1,0
"919","GAJIFGHJGHIDEJHFIEE",3,0
"920","GBBAGBHCCGFCFIEFDAC",4,0
"921","GBBDGICEBJBJBBGBFB",4,0
"922","GBBDHDIBAGBFCDIGJFB",1,1
"923","GBBHAEBEBDJHFIDJHEE",3,0
"924","GBBJDAAFCFGIFFDIBED",1,1
"925","GBCAAHJIAFDAFFFEJGB",3,0
"926","GBCADFFFCAEGEBEHHDC",1,0
"927","GBCDACDEGFDFGEHDHJG",2,0
"928","GBCHDIGGJGEFDGGIBGD",1,0
"929","GBECGIAEICGEIIHJFFF",1,0
"930","GBEHDDCEJBDICFFIHEJ",1,1
"931","GBEIHBIECHHECCFBHCF",3,1
"932","GBFGGGBFABJDIGHIFIH",2,1
"933","GBFHJEHHBCDACGJCJII",3,1
"934","GBGBAAADFFIFCGFIDHE",1,1
"935","GBGBDAICAGFGADCDFDA",1,1
"936","GBGDFFIGGHBHHJDEBHA",1,0
"937","GBGDFGAGCGFIJGEJHCC",1,1
"938","GBGEIGFHADJJDIAGGHG",1,0
"939","GBHFEDJCEJJAJAJDHHJ",1,1
"940","GBICCHEGACDIBGBJJGJ",2,0
"941","GBJAGBIHBCFIFABFGHG",1,0
"942","GBJAGFAFHAGFICIAJG",3,0
"943","GBJAJIBJGJGAHBIDCCI",3,1
"944","GBJIHHEBBAGJIIADIHB",5,1
"945","GCAACIHDDFJBHGFJIJI",6,0
"946","GCAGAGFDDEBDGGHDBDB",1,0
"947","GCBGGGIADEIJBEJFDE",1,0
"948","GCCDGJAGDGBCBBIFAJF",1,0
"949","GCDDDGFCDBJDECFIICG",2,0
"950","GCDJAGHIIBCHGACJFCA",1,1
"951","GCDJJECJDFAFJCAHBIC",1,0
"952","GCECFDEJDBBCGJGIEG",1,1
"953","GCEGIDDABHFBDBDDGAE",2,0
"954","GCEHICDCAAJIHGCBBGF",1,1
"955","GCEJIFFGGIAFADEJIEG",1,0
"956","GCFBGFIGIABJCIICGEH",1,0
"957","GCFECDHGGBBCCFEAIHA",0,1
"958","GCFJGADIFEEFHJBABID",1,1
"959","GCGFJFAFJFBGIBJJAFG",1,0
"960","GCGIGEAEIDFEBHGCIGE",2,0
"961","GCHJGAAABEGDDGJEJEG",3,1
"962","GCIBCIIHFDBHIJBBJI",3,0
"963","GCIEJEFFDFIFEIIHBAH",2,0
"964","GCIHGEDCGEEIGDDIDBD",1,1
"965","GCIIBIIHIHBFCIBEAF",1,0
"966","GCJAGIDCHGHHFEDBGAA",1,0
"967","GCJCJIEBBHCFGDCACDJ",1,0
"968","GCJDAHCIIEFGAFGFJIA",1,0
"969","GCJHJBBEJFJAIFABJEG",1,0
"970","GDAAAHDBECHGDHHBJCE",4,0
"971","GDAEDAAIDBEGBCDHIG",4,1
"972","GDBHEFBDIBDDIFCJBDJ",2,0
"973","GDBHGJCGJEBHGEABIGD",1,0
"974","GDCAHGJAEAFJDCJIDIA",2,0
"975","GDCJICBCCHFGGADBFAB",4,0
"976","GDDBHBGEDBJFCCDIJIF",3,1
"977","GDDJEIADDGBHBIEGJIB",1,1
"978","GDEFBEGBGAEDJGBJBE",3,1
"979","GDEGGBAIJCGCHFABHBA",1,0
"980","GDEIDBDBHEIGDBJGGCJ",1,0
"981","GDFFEJBHDAEAGJBJEHF",1,0
"982","GDFIBHEFGCADCCAHHDF",1,0
"983","GDHFFGHJJCJFCCJAIC",1,0
"984","GDJAJFDHIJGEJFHHFEA",1,1
"985","GDJFBAFAGCJABJIJBAB",1,0
"986","GEACCHEGCHJGCGEIDHA",2,0
"987","GEADICDEHDCEBCIHJCI",4,0
"988","GEAGDFIEFFJAIFCADDE",2,0
"989","GEAHGCJDHECIIDFAIHB",1,0
"990","GEBBHAFEGBEAIACEDJJ",3,0
"991","GEBDBIGHHHFFCEADCD",1,1
"992","GEBDFDGCEDBADGIEBJG",8,0
"993","GEBFAICDACECBIFHEIA",2,0
"994","GECGCDAIDEFDIGDAB",1,0
"995","GEDEJGGABABACACEIDA",5,1
"996","GEDGCCDACBICAIEBJAB",1,1
"997","GEEBDIEIJGBAIHAFIGE",1,1
"998","GEEDDHAHAIHAGJGHGFJ",2,0
"999","GEEDHECDBBGBCJBFAJF",1,0
"1000","GEEECHIEJECHHBIJBAF",1,0
"1001","GEEEGEGGDGFFIFIGCBG",1,0
"1002","GEEFGCBEIGBCBACFDHJ",2,0
"1003","GEFIHJFGIGCCFFIJGAB",2,0
"1004","GEFJDHGIJJEBGFGADCE",3,1
"1005","GEGFCBGIFBABDEJBEIG",2,1
"1006","GEGFDFGDADJDDIHJBJG",1,1
"1007","GEGGDJCJDIAJAAFEGCC",3,0
"1008","GEHAEIGAGJCHHGBJDCG",2,0
"1009","GEHEEEDCHGEADGAHEFI",1,0
"1010","GEIACGEHEDBJIAEFIED",8,0
"1011","GEIEBIAIIIGDHEFHAJ",1,1
"1012","GEIEJCIBCHIBBCACCCI",4,0
"1013","GEJCHADJDJBIDEFCEBJ",2,1
"1014","GEJHGCIIIGEIEJDHCBH",1,0
"1015","GFACAHHIIEAIIDHEGF",1,0
"1016","GFBEADEGGHBFFEBFAFE",1,0
"1017","GFBIJEEIHFIBHJHEEEH",3,1
"1018","GFCAACIAAIDABCCAJAA",1,0
"1019","GFCEJFHJACDDHFHCAFJ",2,1
"1020","GFDGHICDGAEGHDCDDII",3,0
"1021","GFEBCDEEHEFGFGGGDFF",0,2
"1022","GFEDCBBDDFFCEDFFAGA",1,0
"1023","GFEHIGFGAAJEGGJGDGD",1,0
"1024","GFFIIIJJIDJHDACGDIC",2,0
"1025","GFGCIBBICGFDBACDHAJ",1,1
"1026","GFGFAGCBIAJHEAFJGHC",1,0
"1027","GFHDAIGCAEDHBGAHBFF",1,0
"1028","GFHGIEIDAHGCDBCABJC",4,1
"1029","GFIAGEEIDJFCDACJBFC",2,0
"1030","GFIDHECIEAAFCHGEDAB",1,0
"1031","GFIEFGJEGEGBACAFHFD",1,1
"1032","GFJDFCIGADHDCDHBAHG",4,0
"1033","GGABEFAHHFIEJEJHFJB",1,0
"1034","GGAIJBACGCJBEEDIIBJ",1,0
"1035","GGBCAICFJDIDBBIBEGB",4,1
"1036","GGBDJIIDHBAEDJEEHII",3,0
"1037","GGCGJCGFGBJBJDCDGJG",2,0
"1038","GGCIGHIJIEFHGHCDIEJ",1,0
"1039","GGDDCGBIJGDBFCAIEF",7,1
"1040","GGDEGGGFIGBECBIGCCD",2,0
"1041","GGEFBAHFHGEBEEGHDEJ",1,0
"1042","GGEGCDCHBGHHDGDIICC",2,0
"1043","GGFGICHBIEDDFEADHIG",1,0
"1044","GGFHICCGBFDCJCIBDEA",3,3
"1045","GGGBJHCDEAHJDAIIJJB",2,0
"1046","GGGCDCBABAAHGGDHHFI",1,0
"1047","GGGDDBCHCBBEDBGCFJH",2,0
"1048","GGGIEDHFJCHDBHADCDE",1,0
"1049","GGGJABJAGJAFABEHFFC",1,0
"1050","GGICBGFHDHGBDICFCGJ",1,0
"1051","GGIEEBBHFCDCBHFEDII",1,1
"1052","GGIFEGFFABJBEHHFGBI",1,0
"1053","GHACCEJCFCFDGABGCAA",2,0
"1054","GHACIFIJAFHACGHFCHI",1,0
"1055","GHACJDCHBBIBDHAFADC",1,0
"1056","GHADIJABADECHBEFCAD",2,0
"1057","GHAFBAGGCABCADBAFEI",2,1
"1058","GHBAGGBJCJAAJFHCJD",1,0
"1059","GHBBHCFEJCEAGIBHBDF",1,0
"1060","GHBCAJIGBIJFCFCGDF",1,0
"1061","GHBCEIHDCIIIGHDGHDI",1,0
"1062","GHBCHAAIAFFIJFCAIAD",1,0
"1063","GHBDIDBJBFHICCJJEGH",2,0
"1064","GHCDFDHBFEBCGIGHEHD",1,1
"1065","GHDBBFCBAIEHGEJEACG",2,1
"1066","GHDBHAGHJGJJGDGFEIJ",12,0
"1067","GHEDEBBJAFFGBFDHHEF",1,0
"1068","GHEEFJGJFJCJCIJEAJH",2,0
"1069","GHEEICDIJBFFIGCCCDA",1,0
"1070","GHEGJIDIEAJDAAADFH",5,0
"1071","GHFDDICDFAIFBFJJIBE",1,0
"1072","GHFEFGGCCFGFEACHFIE",2,0
"1073","GHFJGJIDEFCEEJECIFJ",2,1
"1074","GHGFDJDADBGDDIFHEGA",1,0
"1075","GHGJBCAHJIHFDGBFHG",1,1
"1076","GHHDHECJEFFFIHEIJBA",1,0
"1077","GHHGGHJIACIHEBBCBC",1,1
"1078","GHHJCAJFABGDBAFDGJB",1,0
"1079","GHIBFDJFBACHHIGFIBF",1,0
"1080","GHIHHIDDCEIGACABCI",1,1
"1081","GHJCFDFDIAAHCGHGFGE",2,0
"1082","GHJEIFIIFJFJGHGIGBF",2,0
"1083","GIACCBBDIHCEDFBIGDH",1,0
"1084","GIAFBGGJJGDHBADGJHF",3,0
"1085","GIAGFHFFAHDHCCACAJG",2,0
"1086","GIAHGEEHIBBHJJJECAC",3,0
"1087","GIBBDGJHIACHCDEHCGB",2,0
"1088","GIDCDJAEJFAHDEGCBDI",5,1
"1089","GIEBFHIGJEAJBHACIII",1,0
"1090","GIEHAHCIFFGHIAAABCJ",1,0
"1091","GIFIAEFEDJAEHEBGAAH",2,0
"1092","GIFIGFFBBEDGEJDHHEH",2,0
"1093","GIGAEAGDIICHIIHGHEH",4,1
"1094","GIGGIBHAAHGCHCEIFGA",1,1
"1095","GIHECHEDJGAHHIDGCD",4,0
"1096","GIIAADHHJGDEEJGHAFH",1,0
"1097","GIIJJBBIIBCIEGCDCDD",7,0
"1098","GIJACBCHDBHAEIDDDIC",2,0
"1099","GIJBBECEEEGHAGGIHDB",1,0
"1100","GIJEAICBBGIIFJFJEBE",2,0
"1101","GIJECCGEFEDABDIGFGG",1,0
"1102","GJABCFGFFCIHIEEHBFA",3,1
"1103","GJABFCJEHBEEJDBGBIE",1,0
"1104","GJAFAJDDFIHDGJGIBDG",1,0
"1105","GJBACGBJBEEIBCDDIFJ",5,0
"1106","GJBAJAFBFGJFEABBFBH",3,0
"1107","GJBBEFJGFEDGFAJIJEG",2,1
"1108","GJBBFDCCAHFGHCCEDGB",1,1
"1109","GJBCCJFJJDHJCCCGDFE",1,0
"1110","GJBDECCBDCCEIBIAGIB",1,0
"1111","GJCCCCJHGACAIICAIJD",4,0
"1112","GJCJHAEIEHGJCDFGIB",3,0
"1113","GJDAFCGABBBHBDJGCEJ",1,1
"1114","GJDCAGJBHADHFFDIEFC",1,0
"1115","GJDFAJJIEBEFJJHCHBA",2,1
"1116","GJDFHCJAGJICHJAGIHF",5,0
"1117","GJDGACIEJACJIFHIIJC",1,1
"1118","GJEAAFIBJCGCHBJEEBJ",1,0
"1119","GJFAAGFCDCEBBJCDCI",3,1
"1120","GJGCHJJIFADGAGDICAD",11,0
"1121","GJGCIIGCCDBGBFDBBDB",6,1
"1122","GJGFHBHFGIIGGDFHJIE",1,0
"1123","GJHECBBCEJBAFHJHGBH",2,0
"1124","GJHEFACIBIFGIJFJFGA",1,0
"1125","GJHFAACDHBGGDCEJIGJ",2,1
"1126","GJHFFEHGIHEBDCAFAD",1,0
"1127","GJIDIFEJBAIBGGBIECI",1,0
"1128","GJJBDFDEIHGHJADDHBB",5,1
"1129","HABDDFACGECHJDHFHBB",1,0
"1130","HABHBFAGGGHJGDCHIFA",3,0
"1131","HABJEACAJJBJEICIDHA",1,0
"1132","HACFHDCCFEFHCHJEAAD",2,0
"1133","HACIIDGHEHCGHEHJFEC",2,0
"1134","HACIJADAIHFGIAIDEAG",1,0
"1135","HACJFFDADDADDFECC",2,1
"1136","HADHJBEAEFFBEABHEFJ",2,1
"1137","HAEDIFBFCGHBAEBBIAB",3,0
"1138","HAFAAIDADICGJBIBEBH",1,0
"1139","HAFFCDICHHGIFGEEIF",2,0
"1140","HAGBBEGGEGHEBFBABEH",1,1
"1141","HAHCHJCDGBFIFADIEFG",3,0
"1142","HAIAJIIHDBFFJJDFIJE",1,1
"1143","HAIIAIDEFGIFCGAIACC",1,0
"1144","HAJCFEBBDCFGDADHFH",3,1
"1145","HAJFBFJCFCIJIEHHIAG",1,0
"1146","HBABJFJDFFJAJJDAFDJ",1,1
"1147","HBBAAJJFEDEJHDFEEGI",1,1
"1148","HBBBJJJDHAIBFHIHFBF",4,1
"1149","HBCBABGDJJEEFFHIHHH",1,0
"1150","HBCHAFHIAFEFIAIFACH",4,1
"1151","HBDFGFIDBDHIIBACCCB",1,1
"1152","HBDHDJFCCFFEIFAIBAD",1,0
"1153","HBDHIEEFEHIIJJDBEJB",2,1
"1154","HBDIHFFBDDDGADHJBAG",2,0
"1155","HBDJEDEDCJICJBGDJAH",7,0
"1156","HBFAHBHJACBJGACJFGH",0,2
"1157","HBFGJIAIDBHAEFEDGCH",2,0
"1158","HBFHHJIACDAIAABBADI",4,0
"1159","HBGEJDACCJFGIJBDHJE",1,0
"1160","HBGHADIFGJJHFADHCJF",6,0
"1161","HBGJECJACADCCDADFCF",2,0
"1162","HBHBICGAJCHCAGCCFJA",1,1
"1163","HBHHACIHGHAFHBIFCDJ",1,0
"1164","HBHIIGJAFAJAHCIEAGH",1,0
"1165","HBIECGIFHIFEIJHFBFA",1,0
"1166","HBIGJGDBBDIGEHEIDIJ",2,0
"1167","HBJEIFHAFDJIADDBGDJ",3,0
"1168","HBJIGACDIEIGFAJHBGH",1,1
"1169","HBJIHJHJJFECFIJIJJG",2,0
"1170","HCAHIJHEAHCHAECCDBG",1,0
"1171","HCAIBCGECCBGGFAEDHE",1,0
"1172","HCBDAFJIECDJFDDBCIC",1,0
"1173","HCDBFADHGJAEFFBEHGA",1,0
"1174","HCDCDJHJFAHGHIFDIJF",1,0
"1175","HCDFJDGJHEGIIBBDGEI",1,1
"1176","HCEIHHDHJJBECAIJEED",4,0
"1177","HCFADGAAJGHIIGBAFBH",1,0
"1178","HCFCJFEHJEBDHBDJDBI",1,2
"1179","HCFDACFFEJFGDGDHJIJ",2,0
"1180","HCFJAAEFDGJFJFJAFBC",1,0
"1181","HCHEAFHEBAJBEFFIEEB",1,0
"1182","HCHIADCCDECFDFBBD",2,0
"1183","HCIBGAJAJFJBAEDDFHJ",1,0
"1184","HCIBJGDCIJCAADBFJGD",2,0
"1185","HCICHBBJCADIICJHDIG",3,1
"1186","HCIHCCAEGCDHHIAHHCC",2,1
"1187","HCJHDEGJCJFAHGFFDIJ",1,0
"1188","HDADFGAAADCACECHIII",9,4
"1189","HDBBHCBFJAFJBCJHACH",2,1
"1190","HDBJGGHHFAJHJDCDBJF",1,0
"1191","HDCCIJBCDBDDHECDFJ",1,0
"1192","HDCGGDAGCIBCEHBHCCC",1,1
"1193","HDCIJFEDGBFDICIHAEG",2,0
"1194","HDDBBJDJJGJJBHAADJC",2,1
"1195","HDDBCIJAHIDBGIEBBCG",1,0
"1196","HDEAEGADIAGDFGJFBJG",2,1
"1197","HDEEEJDFGCFDGBGGGFA",1,0
"1198","HDEIBCFAICHEGEAAAGJ",1,0
"1199","HDFJGDHEAFAJBEFAAJD",1,1
"1200","HDGBEJJHCEIDEGIBDHH",1,0
"1201","HDGHDAHDCFHDCJEHFCG",0,1
"1202","HDGHHCCBHGDCECDAEGJ",5,0
"1203","HDHFBHJDAGBBCDFEJJC",2,1
"1204","HDHHIJHJIEJBGJECFIJ",1,0
"1205","HDICFAHHHDDBHDHFFJJ",1,0
"1206","HDJIDBJAIDAGGHDFHED",1,0
"1207","HEBAEGAEEJCIIJEADHA",1,0
"1208","HEBBIAGGFFHDFBFHDID",3,0
"1209","HEBGADHDEGDHDJFGCHC",1,0
"1210","HEBHCEIIEFJFBAHEAGA",1,1
"1211","HECCDEBCDJCIGGBCJBA",1,0
"1212","HEDBGFIAAFCBACHBFHH",1,0
"1213","HEECBGFHJBEBFEGAJIC",1,0
"1214","HEFGDAIIDAFJECHGJJE",3,0
"1215","HEFJDAIAIBHIBDJBHDG",4,2
"1216","HEFJDJBAIJDJDHCEHAJ",7,0
"1217","HEGEFBFABCAIBBCJFGC",3,0
"1218","HEHDJFIBDJIFJJICGGI",1,0
"1219","HEHDJJHCJFJHABIGCCA",5,0
"1220","HEHJIFFDEGDJDHFFCDE",7,1
"1221","HEIEHHFJIHHFHHJFDCC",1,1
"1222","HEIEHIAAHFHBACICECC",2,0
"1223","HEIGCGBGHJFAGABDAIH",4,1
"1224","HEIJGAABHBCDFFEFBJB",1,0
"1225","HEJDAJEDACBJGCCEIHC",1,0
"1226","HEJGHBFCIEGBIGEEFCD",1,0
"1227","HFABHCJGGJIFDCDDHJJ",1,0
"1228","HFAIIHHBFHCEBEEFAAH",1,0
"1229","HFBBIFGGBGCIDHHGBBG",3,0
"1230","HFBHGADDFCFICEGFCHC",1,1
"1231","HFCJEDCGBEIIBDBDIDA",1,0
"1232","HFDCCJDDIEHGHGCBIDG",1,2
"1233","HFDHDBAJFHAACGFGJGG",1,0
"1234","HFDIHBGGHCJJDACJIFD",2,1
"1235","HFDJAHEFDDAJEGJIFIB",1,1
"1236","HFEADGJGBEBIAFFEDIE",2,0
"1237","HFEIGHACEDBIIAJFBBC",1,0
"1238","HFFECGJHAJGEHJEIHEG",5,0
"1239","HFFGBIEIGBGFCAIIHCH",2,1
"1240","HFGACJJGCFIGECAFGGJ",1,0
"1241","HFGCBCFJHJCBIGFHIB",2,1
"1242","HFGDGDGBGCJJBBJFFDC",1,0
"1243","HFGJIAEJDECJCFABGJ",1,0
"1244","HFHBFABAFAAGDDFICEG",2,0
"1245","HFHEFFDJAFCABJCEIGA",1,1
"1246","HFHFJJFIHBCHDCGBEDA",2,1
"1247","HFHHHAABJDHFBBIBBFJ",1,1
"1248","HFIJBHBEHFCCDGEFIID",1,1
"1249","HFJAGIICCFHHHBHCCAG",3,0
"1250","HFJECCDEECDGJEAADD",1,0
"1251","HFJEGECCJAJJEJGBEAC",1,0
"1252","HFJFACJGAGHACHEEIH",4,0
"1253","HGAIEGFCADFIFBDEJBB",4,0
"1254","HGBEDFJHJFDFBBCAIIG",1,1
"1255","HGBFAAGJBEEGFHIGAIG",2,1
"1256","HGBFBFGIGEIGHEHFEAE",1,1
"1257","HGCGFFFICFGFAJIGJCE",1,0
"1258","HGEAHBBBFHBJCDDCJAB",1,1
"1259","HGEDICIJBDCBHHCFFIC",1,0
"1260","HGEGEBCDJJJGIHADGJD",1,0
"1261","HGFEBEFGHIIHDEGFDBD",2,1
"1262","HGFFJAEJDGHIGIEDEJC",1,1
"1263","HGGCDAGCBABACFEJFEA",1,0
"1264","HGGEAHFFBIADHCHDJD",1,0
"1265","HGIEIEAAJDHCAHAHIDG",1,0
"1266","HGIEIGFIAJHABBIDHJA",3,0
"1267","HGJAAJAIJBIFJGFGDDD",2,0
"1268","HGJHEFADJDBCFIHFFGB",4,0
"1269","HGJJCECIECHGGIEECEJ",3,0
"1270","HHBBDAADHHEAHCCIAI",1,0
"1271","HHBDAIHDEGAHDEGIBED",2,0
"1272","HHCBJAAJGCCDEJBGBHC",7,0
"1273","HHCCCIIEEDJBCCFHCJ",1,0
"1274","HHCHDCGCIDGJJBBHH",1,0
"1275","HHDHHBHAJHHBAAIHJGG",2,0
"1276","HHEADFECCGGEGJGHCIH",1,0
"1277","HHEEDGFEEDJBBIJHADB",1,1
"1278","HHEEEFACBEIIJCJBCGE",2,0
"1279","HHEHIBHEJDBDBJEIGCA",2,1
"1280","HHGIHABGIBAAEGJFJJJ",1,0
"1281","HHGJHGDDFJCGADDAIEA",2,1
"1282","HHHAAIDHDEDFHCDGDID",1,1
"1283","HHHBFJFBIBFECAIFHI",1,1
"1284","HHHIFCIIGEDEJBBFCFH",2,0
"1285","HHIECCDHGAHGAJHDJCH",1,0
"1286","HHIIFFAGEEFAJBAEEBH",1,1
"1287","HHIJIHAEHBDEIGEADHA",4,1
"1288","HHJEFGJBEIGJBFDHEIJ",1,0
"1289","HIACIHHEHBEBFJCEDHI",1,0
"1290","HIAHCJAHHCDCIAJIJAD",3,0
"1291","HIBBDJEGFIBFJDDJCFC",5,0
"1292","HIBIACEFBGEGAGJGFI",1,0
"1293","HICDBHBCDDCHCDADDCC",3,0
"1294","HIDCJFEHIJBCCDJHAAB",5,1
"1295","HIEAFFFCADDFGHCEADF",2,1
"1296","HIFHEAJJJGGDIECACGD",1,0
"1297","HIGABFFDBHECACAFJAH",2,0
"1298","HIHAFHGIBEBAEEGDGDJ",1,1
"1299","HIHJHEIBIAEADIDFBDE",5,0
"1300","HIJDIDBEDJEEAEGAABH",2,0
"1301","HJAIJIIDIBDIFJACEB",2,2
"1302","HJBAECAFIAAABJFBJBB",2,1
"1303","HJCDAJIFBDBEEGHFCAI",2,1
"1304","HJDBJHGJAHBIFFBEEHI",1,0
"1305","HJDCDCIFIJIBFFCBEAD",5,0
"1306","HJDEFAFBADCBGCFHGFD",3,0
"1307","HJEBACCJDFCIGFJAHDJ",1,0
"1308","HJEEHDAEJGCJHICDBEE",1,1
"1309","HJEFEHHFFJBABGBBEG",1,0
"1310","HJFCAGEJJICDBCHFIA",2,1
"1311","HJFECAJDECABIJJIFEB",1,0
"1312","HJFFGEIGBAHIAAAFBIA",3,0
"1313","HJGADDBHHGBHIDDAIBE",5,1
"1314","HJHBBGFDIBFCBBCIBGF",1,0
"1315","HJHFEGJJJFFBHJEBBII",1,0
"1316","HJHGDHCCFCIEFAJAEAG",1,0
"1317","HJHIJEAEDCBJJCGGDHB",1,0
"1318","HJHJIBGAEABFIABIFJJ",1,1
"1319","HJICEEADAHCFJGIJIBE",2,1
"1320","HJIGIABCDHGHJCFEBBH",1,0
"1321","HJIJDEJJBHICHJEIDEA",1,1
"1322","HJIJEHBEBBHABIBAAGI",1,0
"1323","HJJAHHDDAJJEBEIIJIE",1,0
"1324","IAACJHJAFFIAAHCBEIE",1,2
"1325","IAADIFGCICEEEIFCIII",2,1
"1326","IABCIGCEFGFICCIFBHG",1,0
"1327","IABIJIFFHJEHACACIEC",2,0
"1328","IACDHCDCFIEFIDEIHDI",2,0
"1329","IACEHJIHJIDIEDJIBDC",3,1
"1330","IACGCHFFCFEAAGADEC",1,0
"1331","IACHGDJFAFIHEBFHFJI",2,0
"1332","IACJGIAEJAJBGJBIAHA",1,0
"1333","IADCDAEEFJEACIJJJGH",1,0
"1334","IADHGDCJDEEDFDAEHGA",4,0
"1335","IAEAJACCFCCGHEDAIED",1,0
"1336","IAEFCFCFBFFCDEGJAH",1,0
"1337","IAEGJIDDBGEAIEAIDBB",4,0
"1338","IAEHFHICIACJGJGEJBE",1,0
"1339","IAEHFIAHIEEFFIJGEFF",1,0
"1340","IAFAHJJIJJDJBBFEJBA",3,1
"1341","IAFBIHDAGIFJEJBFJBJ",1,0
"1342","IAFJEGGDGFFIEGCDEDE",1,0
"1343","IAGAAAEJJCDIBGBCGIE",2,0
"1344","IAGAAJAGFCIHHFFGCA",3,0
"1345","IAGCEFGIBHDCHACIGFJ",2,1
"1346","IAGCEGGBBDJFDHABFFA",2,1
"1347","IAGDBFJHHABBGHEDFF",1,0
"1348","IAGEHCADFHHBHCDIBEI",1,1
"1349","IAGGBEDDEDIHHIHBIAD",2,0
"1350","IAIEIDIAHIIIJFCEEDF",2,1
"1351","IAIFGFFDGCCEIDJIGH",1,0
"1352","IAIIBHHEDEHFHGHHEJB",8,0
"1353","IAJBAADEEEEEDFDBDFG",1,0
"1354","IBAGGBHIAFJGBFIGIEB",1,2
"1355","IBAIJJBFEDEJHCCHFEH",1,0
"1356","IBBECFBCFHJDJGJICEJ",1,0
"1357","IBBGCEGGFIBFECIAGBH",1,0
"1358","IBBGJDIDFCEBEIGDFCI",1,0
"1359","IBBIFFAJGFJBFCEDJAE",1,0
"1360","IBCDJHJHDFGEAGCEBBB",2,1
"1361","IBCGCIEBCGDDGEAGGDH",1,0
"1362","IBCGIHHIBJJAHDIDEDE",1,0
"1363","IBCHIHDEFIDABGEDFG",1,0
"1364","IBCHJJDFECDFGGJFCJE",2,0
"1365","IBCJCBAHIFGDGBDIJIF",4,0
"1366","IBCJHHCGIBGHGFHBFDB",2,0
"1367","IBDBCJICJECEDDCEFGJ",2,0
"1368","IBECBIJEHIEGAIIIFHB",2,0
"1369","IBFDHGGDIGGDCGEHBEG",1,0
"1370","IBFHJCBHFAAFIEFGJBF",3,0
"1371","IBGCGCHGJHIFCHCFFBG",2,0
"1372","IBGFGEFAAAHGGJGIBCB",3,0
"1373","IBGGEIFECHHBCIFFAGE",2,0
"1374","IBGIJABEBJGHFBFHCGJ",1,0
"1375","IBGJCFBGGFBJJEIFEB",4,0
"1376","IBHICEJAEFIDBJFCDJ",2,1
"1377","IBICHCHJGBCDFEIFGAF",3,0
"1378","IBJCFAHCIDCFIIEEGDG",1,1
"1379","ICBCJJDHJAJGECDACFE",1,1
"1380","ICBHCCIGBDCFEBGHIBA",3,1
"1381","ICCBEGJBFGFHJIAJIC",2,1
"1382","ICCCBGDHJBGEJDADAFH",3,0
"1383","ICDDBBAJJCABJIBIDBJ",1,0
"1384","ICDGDHJAHADEDBCEEEA",1,0
"1385","ICDJCDDEAEHFHHFGJDA",2,0
"1386","ICEBFDGECJGEJIHGFAG",4,0
"1387","ICECFADDCEDJFCJGDAD",1,0
"1388","ICEGBGAGDIECJFGCHEJ",3,1
"1389","ICEGDADCCGBHEGCFFHH",8,0
"1390","ICEIABHEGCDIGAFFBE",4,0
"1391","ICFAHCEABJIHHAEJDJH",2,1
"1392","ICFCEAACGFDIDHCBFE",1,0
"1393","ICFCEIGDJCCJHDGEBFF",5,1
"1394","ICFHHDHAHBBIFFAADHA",1,0
"1395","ICFIDDBDFFDBFDHIIEG",1,0
"1396","ICFIHFJBDJACCGECDBB",1,0
"1397","ICFIHJJHAJIIBAAIAIH",3,1
"1398","ICFJDIGBGEAFEHGIEF",1,0
"1399","ICGABDCGFCGCGGICAEA",3,0
"1400","ICGBEIHJAFEICFJCDAH",2,0
"1401","ICGCIAHJJEFBEFDCHGI",2,1
"1402","ICGFGFJEGDDBJDGAID",4,1
"1403","ICHIBHJFHJGBCEEGCGG",2,0
"1404","ICICFDIHBJJBGJDAGB",1,0
"1405","ICIJFBAEIJCFJDFFIEB",0,1
"1406","ICIJHIIBDJFDHDGBFIG",4,1
"1407","ICJBCHDFGADBBBGAFEH",4,0
"1408","ICJEADICECAGDGJIFGB",2,0
"1409","ICJFGGHAAIDFADFBBJB",1,0
"1410","ICJIFIEHJBJGHEEADCD",3,6
"1411","IDAABADBAFEDDCEBDGJ",1,0
"1412","IDAAEHEBIHFJCFIDIC",6,0
"1413","IDAEFGBEBAHHECADIGG",4,1
"1414","IDAFHFEIJACCABGIEGI",4,1
"1415","IDBBEFJGJDCIJJICDCC",1,0
"1416","IDBGJFIFGHBDEAECHHA",2,0
"1417","IDCACFIAHFHHGCBIEJA",1,0
"1418","IDCDGCJFDAEJEDHJECA",1,1
"1419","IDCFJDJEDGEDCGDDACG",1,1
"1420","IDCICHEAFCJCGIHFIGJ",1,1
"1421","IDCIIJBJEDJIDHFJEHJ",6,0
"1422","IDFDGBBBCHBIJHBFBHJ",1,0
"1423","IDFIGJEBFDIADHJHCFC",2,0
"1424","IDGCDDECEIADIBIIIHB",2,1
"1425","IDGDIIDIDFHBHEBFEED",1,0
"1426","IDGGFDDCJGBJHGDCCAI",3,1
"1427","IDIFEIBJDDBDIFDICID",2,1
"1428","IDIHDGBIFACJGEIABJC",3,0
"1429","IDJIEDHFEHGHACIJGEJ",0,3
"1430","IEACGCCCHGAJIIJIAHB",1,0
"1431","IEADDCGBACFFEAAACGB",6,0
"1432","IEAFHBIDBCGEHHEIGCA",1,1
"1433","IECEHGIJCCEFCICBECH",2,1
"1434","IECEHHIAIBADHBBGFID",2,1
"1435","IECGICHHBADECECAHJF",1,0
"1436","IECHAEGBDHJHIFDCAAI",3,1
"1437","IECHHEEBEHFCGHJIFEA",1,0
"1438","IECIHEGFDJGACBGCFEJ",1,1
"1439","IECJIICDCFHCIIFGG",1,0
"1440","IEDADFCDJFIAJAHCGBD",1,0
"1441","IEDEJEAFFJJGFCIICGA",1,0
"1442","IEDGEFICEHHGDCIFDCF",2,1
"1443","IEEAFIDDEHFIBEDDJFF",2,0
"1444","IEEBCIIAJFJDDHDFDAI",1,1
"1445","IEEDEFDBICCBDDAABCD",1,0
"1446","IEEHJHDFIDDEDADJEAC",2,0
"1447","IEGADBBHJJAEJHFJDCC",1,0
"1448","IEGCCIHDDCGCIJFEDAH",1,0
"1449","IEGDCIDICEBIHFAFBEC",1,0
"1450","IEGFIBBICFIIDFHAEID",3,1
"1451","IEGIHFGGJICFFDCCBHC",4,0
"1452","IEGJBBIDFJJACAJJCAF",6,0
"1453","IEHJCGCAHEACAEEBEDH",2,1
"1454","IEHJEJEFBEFJJDFDJHI",2,0
"1455","IEJAAFIDCFGFEEFAGIC",1,0
"1456","IEJDHCBAFEHEICCFCDH",3,2
"1457","IEJFGIJJAGFIBABDBAC",1,1
"1458","IEJGEFJCGHJAAJIADFJ",1,0
"1459","IEJICBDIEFEHDDBJEBH",1,0
"1460","IFABBAJFIJCAFGDBJBA",2,0
"1461","IFABHIJJAHJAFAABDEE",1,0
"1462","IFADJEDFHCABFJCFDFD",3,0
"1463","IFAEBBDBACHGDJDAHJE",4,1
"1464","IFBBGFHFCGHHBAGDDIA",1,1
"1465","IFBCDDHGGICAFBCGHGC",1,0
"1466","IFBDGCJJIIIDABICCFD",1,0
"1467","IFBGDAAGDBHJCEIABA",2,0
"1468","IFCEDICCBBGFIGADCIF",1,0
"1469","IFCEDIECGCGFHEGIEBH",2,0
"1470","IFDAGJGFDGBGBBFIEFD",3,0
"1471","IFDBGCEHFCACJDECJED",4,0
"1472","IFDCHGHAJDIDFIIDCEH",3,1
"1473","IFDCJIFICHGFBAHBABA",1,0
"1474","IFDEDFEFIFDHHHIAEDI",2,0
"1475","IFDICJFHICIIJIAIHFI",4,0
"1476","IFDJFEHJGEFFJCJCIHF",1,1
"1477","IFEBFHDIEFGHEAGFEGI",1,0
"1478","IFEFEDGIEEIAFHGBACF",2,0
"1479","IFFEFAEDIIFBCBFCHAG",5,0
"1480","IFFIGBDHIJADAJHGD",1,0
"1481","IFGEDFEFEEJDBFJDCAH",1,0
"1482","IFHAHFGIIJCJAHFHEJG",3,1
"1483","IFHAHGFIJIGGJGDJFFJ",1,0
"1484","IFHECBBFIFFIIGEDICI",1,0
"1485","IFHEEADFHIGGCDHGHEJ",1,1
"1486","IFHJAAIGJGFIHIHDHBE",0,2
"1487","IFHJGEHFJCFHBGCBAJJ",1,1
"1488","IFICEEAAAGBABDFAJIH",2,0
"1489","IFIDBJADEHFGJIEDFCG",1,1
"1490","IFJADHAAIGAJAAJDHCG",1,0
"1491","IFJGJCAFHGHDEGGDICF",1,0
"1492","IGAABFEEIAIDIDJGAAC",2,0
"1493","IGAEBIGBEEGAFDBCIBI",1,0
"1494","IGBCFGHEBIIEBGDBAFJ",1,0
"1495","IGCAADABEJECABDHEGD",2,0
"1496","IGCBJDBDHBFFAIECFCG",1,0
"1497","IGCCJBGJBBACJFGHFCD",1,0
"1498","IGDEBGCFIBHBGJFEGEF",1,0
"1499","IGDGEBBFBFIFBIDEGDE",2,0
"1500","IGDJFDJFAIIBDDGCJA",1,0
"1501","IGEAFDIEJHCFDFAGFBD",2,0
"1502","IGFDCJCDACAHFFHFGJF",1,0
"1503","IGFGDBJGIIFEGEJFFBJ",4,0
"1504","IGFJCGCJABCHHCIEGE",2,1
"1505","IGGEJAJGBAIGEIAGAIJ",1,0
"1506","IGHEGIIGADFCEDJGIHE",1,1
"1507","IGHGHIACHBJAAGIGHD",1,0
"1508","IGIEIBAICEBJCJGDJJD",3,0
"1509","IGJHAJCHCEEBJCACDF",1,1
"1510","IHAGBJHGEHCGGJBGACF",1,0
"1511","IHAJHJAJAFFDDICAFFA",2,0
"1512","IHBIDIADCCIDDFCIFAC",0,1
"1513","IHCCECAFEBHGAGIBHG",1,1
"1514","IHCCGAGADBBGIABDIEF",1,0
"1515","IHCCJGJDFJHJFAFIIIH",6,1
"1516","IHCJFHCCCCIHFGDIBAJ",7,0
"1517","IHDHGGBFHJAAIIBHGHD",1,0
"1518","IHDIHBBCDCGJAGEJID",3,0
"1519","IHDJJDEDFBCHCCCFEBH",2,0
"1520","IHEADCBFJHJDDIDJJCC",1,0
"1521","IHEDJAECEIDGGDDDCFB",1,0
"1522","IHEFAEGHIDFBDBCGHCF",1,1
"1523","IHEHEAIJICDGJBFAAEE",3,0
"1524","IHFIAGHEHDIIAHJCAIB",14,0
"1525","IHGEJGFBHJFAGJCFCI",1,1
"1526","IHIEDBBICDCDJADGGFI",1,0
"1527","IHJHGFJFJBEDGEHEHFI",3,1
"1528","IIAJEJCCEDGJEHDDHFJ",1,0
"1529","IIBDICDAAFGBJCDDIID",1,0
"1530","IIBHDDJFIEBAHJCGDCG",1,0
"1531","IIBIBGJICDDDDGEDHDE",1,0
"1532","IICDEJGDFFDBIIIBFEE",1,0
"1533","IICFCBAEBCCHJBJEJCG",1,0
"1534","IICFDFFBDBJFHCAJCHJ",1,0
"1535","IIDFGCHJACDAAHFHEHD",3,1
"1536","IIDICEHAIGHHIJCAEHC",1,0
"1537","IIEJJFIJEAJHGCFEBAI",3,1
"1538","IIFEGIEHEJDBICGEBBC",2,1
"1539","IIFFCGIIEEGHJAABED",2,0
"1540","IIFFDCAAHIHGFIBDBGH",1,1
"1541","IIGBIBDFEGBJHHAIFEC",2,2
"1542","IIHAFDABBHDGAIBGHCB",1,0
"1543","IIHDAFDDIFAAIFFGEAJ",2,1
"1544","IIHEBIBBGDAEFBBJJE",2,2
"1545","IIJEJBIAHDADGIDJJDG",3,0
"1546","IIJHBGHIDJHFJHEHBEG",4,0
"1547","IIJHFEADADGIAIJAAGH",1,0
"1548","IJAAJHDHFABBIBJCEJD",5,1
"1549","IJACFHGJCAFFDADEAFG",1,1
"1550","IJAHEFGEBJGEBEIDAJ",2,0
"1551","IJAIDFFIEBEGGBDABHB",3,0
"1552","IJBBEGBGGCFCBFGBDF",2,0
"1553","IJBDHAJJCIICBIEABIJ",1,0
"1554","IJBFBBBGFBHBHFGGDDE",1,1
"1555","IJBHCCCDEDBFEFGHJEC",1,0
"1556","IJBJHJFFICBEDJDDDJ",1,0
"1557","IJCBIGDIEEHGCIHIDHE",2,0
"1558","IJCEGAHJIGFAAABBBIJ",1,0
"1559","IJCJDEEEBCFDFDFFAJC",1,0
"1560","IJDAACGDAHECBBJIFEI",1,0
"1561","IJDBEEAIJBEHGIIBHJD",2,1
"1562","IJECJEDDEBJAHIDCJGJ",2,1
"1563","IJEGFEFFIGCJJDHJJDJ",2,1
"1564","IJFBJCADJAHGBAIHHJG",2,1
"1565","IJFDECEHACDDFAAEIBH",1,0
"1566","IJGCBBJHBFFJECGJBGJ",2,0
"1567","IJGCEDGIFCHJEFBDHIF",1,1
"1568","IJHAFFDDAAEHHJFJACC",2,0
"1569","IJIBAEDGEBGCICAFDAF",1,0
"1570","IJIBBJGJJFDJEACBFI",1,1
"1571","IJJBHAIAHEAIDJEFFDD",2,0
"1572","JAACHCFCAEEDGGHCGE",3,1
"1573","JABBDGBGIFFJHAIFHEC",2,2
"1574","JABBECGIAIECDAJACDA",1,0
"1575","JABDBEGBHDDEGAJHDFJ",3,0
"1576","JABFDEAAFCCHCDAJCF",1,0
"1577","JACFBGAJHEHFJCCEEBB",13,0
"1578","JACJFHBBDHCJCEGDGAB",1,0
"1579","JAEIHGGBCHECHECEFBJ",1,0
"1580","JAFAAJHFGCHDFCFFJCD",2,0
"1581","JAFBAJJEHCHAHIGEFFF",6,0
"1582","JAGCIGHHBBEBHDGEGJB",2,0
"1583","JAGDHABDCJHHCJCBBGG",1,0
"1584","JAGEBEGGJHDJHJGHAFE",2,0
"1585","JAGECADAJDIAGIIJGFE",1,0
"1586","JAHCBJJFAIFIFECAHBC",2,1
"1587","JAHDBHIDHHDFCBEGEC",3,0
"1588","JAHGBAHGAFFJGCGBCBA",4,0
"1589","JAICBDGIBFHICHFBHCF",2,0
"1590","JAICEEGHGDFFABIAAGG",2,1
"1591","JAIFDHCIBJFGIJIHJBH",1,0
"1592","JAIHCDECHBEFEDDJBF",2,1
"1593","JAIJJDFHAGCDCJBGEG",1,0
"1594","JAJDFHDIAFJHGBAHIGC",2,0
"1595","JAJDIGIHIEJHACCBGFD",4,1
"1596","JAJIFCAEIFIEFBEEIJJ",1,0
"1597","JBBBFGFFIBADIIGDGIJ",2,1
"1598","JBBEHCFEFHEEIIGDEHF",4,0
"1599","JBBFHIGCIDCBBIDIFJE",2,1
"1600","JBBHJGDJEECDHEHHHBB",3,0
"1601","JBCDFBCGFGGBFCHDDDA",3,0
"1602","JBDAGEAHDBACGEJGDCI",2,0
"1603","JBDAHFEHDHAFEHHDCI",1,1
"1604","JBDDCDCDFHACCHGGGBF",1,0
"1605","JBEAEJCJDIBDEBEBDEJ",1,0
"1606","JBEFCIIAFFEAHBIFABB",2,0
"1607","JBEFEDBCHIAFBEBDJ",2,0
"1608","JBFCDHIDJGAFDGFEDHB",1,0
"1609","JBGFECDHJHGGGJIEGD",1,1
"1610","JBHAFJDHDHCEEAIFEEF",1,0
"1611","JBHCAIBAHADEIAFHGJF",2,0
"1612","JBHEEGJCBCBBDBDCDGB",3,0
"1613","JBHIGEBHGCIGHIBCCHI",2,0
"1614","JBICDJIEJBDEGCDAEHH",1,0
"1615","JBIDCAGIEJCIEEGCAFJ",1,0
"1616","JBIJIIFEBHCHEEDFAGJ",4,0
"1617","JBJCAGCCJFEGBFIEGJ",2,1
"1618","JBJDFAHADBBFBGCGEFF",1,0
"1619","JBJHIHJGHDEDCEBHJGH",3,0
"1620","JBJJECIGAFHDCBGDFDJ",2,1
"1621","JCAFBFGECFCDJIBBJAI",3,2
"1622","JCBBJIFIICHGBCEGGEH",2,1
"1623","JCBFEHGJCGEICCDAEIF",4,1
"1624","JCBHFDHIBABABCFEEIA",2,0
"1625","JCCIECGIFIIHAIIAHGD",1,0
"1626","JCDCADHJJGJEAJBEEFC",3,1
"1627","JCEDGHEAGFJABJBHJDH",1,0
"1628","JCEGAGHCDBIAFCDCIFD",1,0
"1629","JCEGHHBIAFIDDGBEEJG",1,0
"1630","JCFAGAHHGHHEAFGJFDJ",1,0
"1631","JCFIAGAADDBCBIAJBCJ",1,0
"1632","JCGAJFCFAHBCCDGCJHF",1,0
"1633","JCGHEBBHEJGEHJAAEJF",5,0
"1634","JCHADBCJEDCEEJADFCI",1,1
"1635","JCHIDCGFGBEHIIJEAJJ",1,0
"1636","JCIBJACFEHCDGJCIBA",1,0
"1637","JCJBFEEIBJFAIACJEIC",1,0
"1638","JCJDFHHHBGHADEGJFEB",1,0
"1639","JCJIFAIECFBIFGDHFGG",3,0
"1640","JCJJBJBBBAFFFHBHFJE",2,0
"1641","JDAAJCCCABIDHGJDJED",4,0
"1642","JDBAECBHGGGFHBAAAA",1,1
"1643","JDCECIBDEHJHAAECBCH",1,0
"1644","JDDBFDCCEBEJAFAJJAH",2,1
"1645","JDDEJBCBBHBFAAHAGJD",3,0
"1646","JDDFHFGGFJGDGDCIADC",1,0
"1647","JDDFIEGEFFAHDDFGGJH",1,0
"1648","JDEEAEBIBDIHBCHCFBE",1,0
"1649","JDEEHBCFCEEDJCAIIA",2,0
"1650","JDEICJACGFIEIAFBDEJ",1,0
"1651","JDFBGGBBBEJJBAIHCHE",3,0
"1652","JDFFDCGCGGJBGEHBDCC",1,0
"1653","JDFJIEGHJDJFJACDHBG",4,1
"1654","JDGFDCACICAIADGEGDB",1,1
"1655","JDGGFHBDHIIAJACAEJG",2,0
"1656","JDGIEGGGGJJJCJJBJFA",1,0
"1657","JDHBJABAFAEBDBAGIC",1,0
"1658","JDHECFDDGBBCCJHIJHH",2,0
"1659","JDIDFEEHIIDDGBFEDEA",1,0
"1660","JDIDGBGJBDCBIHAIBCG",7,1
"1661","JEAHGACGBHIAJHCEJCJ",2,0
"1662","JEAHGFJHADCEEJJHAI",2,0
"1663","JEBBBCBHFFCAJCECHBG",1,0
"1664","JEBDGFFCGBADEGCGBAH",3,0
"1665","JEBHDBBAFFHJFBEAFBI",1,0
"1666","JECAJAJJGEEJFEFIBJH",2,0
"1667","JECDCBIHIIHIDBIHCCF",10,0
"1668","JECFDCDHAJCHIAIJIIB",1,1
"1669","JECHACACEADJHFCBIDF",1,1
"1670","JEDBCJFIEIECGAIGBIA",1,0
"1671","JEDFBIADJHJHIHCDBCG",2,1
"1672","JEDICHBGDGJAIAFHHEF",2,1
"1673","JEDJAFIACCBJGGCFAHJ",1,2
"1674","JEDJGDCAGBFDIDFGCHC",1,0
"1675","JEEEAIDACDEJHGBHIDF",5,0
"1676","JEEEBAACEFABCADIEE",1,0
"1677","JEEECCBECCJDIDDIAEB",2,1
"1678","JEEFFFHAHHAAGCJHBEC",2,0
"1679","JEFFABECCIAGGFAEEGA",1,0
"1680","JEGACDJEGJFECBIEIFD",3,1
"1681","JEHGIJGBHDJAGGDFIGG",2,1
"1682","JEHICFBCACFBJCGJBFH",1,1
"1683","JEIADFAECFDIJHIIICC",1,0
"1684","JEJABJEGCGEEEDEJHC",1,0
"1685","JEJDDJDIDCGBDECJDAF",1,0
"1686","JEJIAAAHEDAGFGECGJB",1,0
"1687","JFADHBBHCJGBJFIGEE",3,0
"1688","JFCDHHIJFEDGGGFGGFC",1,1
"1689","JFCGJJHFHEFABJDGAFI",2,0
"1690","JFCHIGJCDDHADCFAIJF",3,0
"1691","JFDABBIEHDACIIDCBJE",1,0
"1692","JFDFGBABEDJGBHIHIDJ",2,0
"1693","JFDGIGFAFAHAFFJCAHH",3,0
"1694","JFDHBFFAFCJCECGBFAA",4,0
"1695","JFEADFCAHDHHGHIEHFE",1,1
"1696","JFEAGDDEAGFBJBEGEEA",3,1
"1697","JFEHBABCBDAAFIJAFBE",3,1
"1698","JFEHDICAIIJIEICIHJC",1,0
"1699","JFEJHBGHAHHFBCACGEG",3,0
"1700","JFFFBGFIHAEEFFGEFDC",3,0
"1701","JFGCDDEAGFIIBBHDABE",1,0
"1702","JFGJJFHGEADBJEAJFEF",1,0
"1703","JFHDJGJEHFCHBAIBABB",1,0
"1704","JFHEIAADEJABIIAADCF",12,0
"1705","JFHHBCBEIFEAHBJECGC",2,0
"1706","JFIBEBBIJDDIJJBGEIE",1,0
"1707","JFJBGJIIIBBCGBGFDCJ",2,0
"1708","JFJFACIHECJDGACDBCI",3,0
"1709","JGAFFJFIBGDGCBDDBFD",5,0
"1710","JGBGGECDDCHGDHFBAAC",2,0
"1711","JGBJEDFDICBFIEBFAA",1,1
"1712","JGCBAFIIDCHEHJHBDDI",2,1
"1713","JGCBHGCCIHJFACGDGFG",4,0
"1714","JGCDACGHJEFHIIBCCFE",1,1
"1715","JGCEECAJGFEJAGAHHFF",2,0
"1716","JGDCCJAACDEEGGBEB",1,0
"1717","JGDDAIHFHGADBDABJE",1,0
"1718","JGEDJABIIEJJHHJDFED",1,2
"1719","JGEEACEAGBHBCGBAJCE",4,0
"1720","JGEEFECAFAADJABIEDB",1,0
"1721","JGEHAFFEJHHFCJIABAA",2,1
"1722","JGFEJHDAGFFEEFAHBHA",1,1
"1723","JGFJHAAFFCHEBGAAAID",4,0
"1724","JGGCDABFJDEABICDCCJ",1,0
"1725","JGIFEJJHAIEIEBDICFC",2,0
"1726","JGIIJHJDGDDDDCFFHHB",1,1
"1727","JGJAEAIDBHGDEJGDEIA",2,0
"1728","JGJCIHJJEJDEICFIJGE",1,0
"1729","JHACGIBHHFJIIECBIGJ",1,0
"1730","JHADGIEEFGCJEHDAAJ",5,1
"1731","JHAGDJHECGIIACBFFHE",3,1
"1732","JHAHJGIGAFBDDEHDACD",2,1
"1733","JHAIJFHJGAAHADHGHDC",1,1
"1734","JHBDCJHCCGAAEHHAFDB",1,0
"1735","JHBIDBCIGGFACCDCBBD",1,0
"1736","JHCDCDIIDIJDJGHGJCD",1,0
"1737","JHCEFGFGEFJIHBIFBCE",1,0
"1738","JHDAJAGEFBEHDCIIFE",4,0
"1739","JHDBHGICFBDHCCGEHA",2,1
"1740","JHFDJIHIDHAFAEHEHHC",1,1
"1741","JHGCAIBDHCJBFJADIGE",1,1
"1742","JHGCHIGCDJGEIFAIGCH",2,0
"1743","JHGHCIBHBJGICECHJFE",2,1
"1744","JHHCHIAEAJHBHEJGCDB",1,0
"1745","JHHDJHFHHCFBBGCAEIB",1,0
"1746","JHHJHDEFGDDIIJEIJJA",1,0
"1747","JHIACCDGCHHJDBGAAED",1,0
"1748","JHIEFJGFGIABHHBHFI",1,0
"1749","JHJEGEDFEBCHCDIAFHH",3,0
"1750","JHJIEIDBGHIJDAGDCBC",4,1
"1751","JHJIFGFDGJBGBEEBIFD",1,0
"1752","JIABHGCAEAIJJGIEBCI",7,1
"1753","JIAEFAIBHIBHHIIICJF",4,0
"1754","JIAFFGCFEFIBAAIDDCD",1,1
"1755","JIAGEHJFHIDEDIBABHJ",2,0
"1756","JIBDBFGBDHFJAEJCJGJ",2,0
"1757","JIBHCFBAFHJBAEEDAJB",1,0
"1758","JIBICDBBEDIGHFJFHFA",1,0
"1759","JIDBFEEFIHEIDBHEAHI",1,1
"1760","JIDJFJEEGDFEGFAGEHC",1,1
"1761","JIEGDJHEGCFAEAFAIAI",2,0
"1762","JIEGEABAFEGFFGJIHAC",2,0
"1763","JIEHJHDHHFBIEIDHHFG",2,0
"1764","JIEJFBIBBJJIHHIGGGD",2,0
"1765","JIFFFCHFAACHGFBEJGF",1,1
"1766","JIFGFAEJJIBEGBFAFHJ",3,0
"1767","JIGEDCFJBGFDBDAFJDC",3,1
"1768","JIHBAJFCEEADECFBCE",2,1
"1769","JIIAEEEHFJHDIIEGBBE",2,0
"1770","JIIFFBBDFICHGIGBAGD",1,0
"1771","JIIFJEFDHEAHHDDCBAD",1,0
"1772","JIJDEIGFIGIBCCIHDJG",1,0
"1773","JIJEEADFAGFGEFECDCF",1,1
"1774","JIJIGCCCFIDIBDFFCGG",3,0
"1775","JJAAJEEABHJJCBFGDHI",2,1
"1776","JJAEDFEEIHFDECHEHDI",3,0
"1777","JJCCACECFBBAIEDDGFD",1,1
"1778","JJCHHJEJCDGBDJCAGC",1,0
"1779","JJDDFGBHIDECDAGHDJA",2,0
"1780","JJDEDJDCJCJCJDAECAA",3,1
"1781","JJDHHIJBAHCDFIEBJCB",4,0
"1782","JJFCJCAHEJHDCDIBDBD",2,1
"1783","JJFDAHDIAICIGEBDAB",2,0
"1784","JJFEAJGJDBGAAHFAFAG",2,2
"1785","JJGBJDJFCFIJCIHFFFD",3,0
"1786","JJGIBIJEJGEDICDGHJF",1,0
"1787","JJHCBCIJBCBHDIIJHGD",1,0
"1788","JJHFGFDIJJCCECJHDBE",1,0
"1789","JJHGDJIBIEEEDADACCI",1,0
"1790","JJHIDCJDIJACGFFDBEH",1,0
"1791","JJIDEEFAADAEEAIFEJ",2,1
"1792","JJIICJHJBHHEFFICFH",3,1
"1793","JJJDHAGDEGJCJCDJJGJ",1,0
"1794","JJJIDJCHIACJJJCJBHG",1,1
